Tim Minchin,13
The Pretty Reckless,6
Один в каное,6
Motorama,5
Slash,5
Caravan Palace,5
IAMX,4
Arctic Monkeys,4
My Chemical Romance,4
Poets of the Fall,4
The Cranberries,4
Emilie Autumn,4
Vivienne Mort,4
Robbie Williams,4
Stanislav Artemyev,4
Egor Grushin,4
Pur:Pur,3
Tim McMorris,3
Reamonn,3
Brainstorm,3
Delain,3
Epica,3
The Hardkiss,3
Michael Kiske & Amanda Somerville,3
ATB,3
Muse,3
Metallica,3
The Kooks,3
Tarja Turunen,3
Carpenter Brut,3
Ramona Falls,3
Snow Patrol,3
Jem,2
Паша Чехов,2
Святослав Вакарчук,2
Земфира,2
Joe Hisaishi,2
Валерий Меладзе,2
Уматурман,2
ВВ,2
Emma Hewitt,2
Моторолла,2
Breaking Benjamin,2
Franz Ferdinand,2
Alex Band,2
John Brion,2
Empire of the Sun,2
Hypnogaja,2
Panic! at the Disco,2
Marina And The Diamonds,2
Cirque du Soleil,2
Vanilla Sky,2
Scorpions,2
Three Days Grace,2
Estetic Education,2
Morrissey,2
System Of A Down,2
The Piano Guys,2
Sunrise Avenue,2
Darren Korb,2
John Murphy,2
Portugal. The Man,2
AWOLNATION,2
Gasmac Gilmore,2
Би-2,2
The Cinematic Orchestra,2
daKooka,2
Reamon,2
8th,2
THE HARDKISS,2
VNV Nation,2
Крихітка Цахес,2
Take That,2
The Exies,2
Agnes Obel,2
Temples,2
Eels,2
Two Door Cinema Club,2
Dr. Horrible's Sing-Along Blog,2
Hybrid,2
Akira Yamaoka,2
Music Renascence,2
Apocalyptica,2
The Prodigy,2
Radiohead,2
Parov Stelar,2
Metric,2
Тартак,2
Coldplay,2
Ruelle,2
Stateless,2
Esthetic Education,2
Katie Melua,2
Manowar,2
Ingrid Michaelson,2
A-ha,2
Невiдомий,1
Coldplaу-Viva_la_Vida_Grant39s_Uplifting_Club_Mix.mp3,1
Serj Tankian,1
Theme,1
Lama,1
Lafee,1
Groove Addicts,1
Бумбокс,1
"Eric Serra feat, Lucia Di Lammrmor",1
Yann Tiersen,1
Dash Berlin feat. Emma Hewitt,1
ТІК,1
David Guetta & Estelle & P@X@Tu*HCK*uu,1
dj Топольский - Без тебя.mp3,1
Kaiser Chiefs,1
Massive Attack,1
Jay-z feat Alicia Keys ,1
Друга Ріка,1
ALyosha (украина),1
Linda Perry & Grace Slick,1
ALyosha ,1
Marcelo Zarvos ,1
Vanessa Mae,1
Villeneuve,1
Unkle Bob,1
Fall Out Boy,1
David Usher,1
Океан Ельзи ,1
Spirited Away OST,1
OST Spirited Away,1
 Yumi Kimura,1
† ♪♫.ιllιlιι  • Flёur †,1
Kings Of Convenience,1
kings of convenience,1
The Kings of Convenience,1
Jon Sortland,1
Shaun Baker Feat. Maloy,1
 Within Temptation - (The Vampire Diaries 19 серия/танец Елены и Дэймона),1
Armin Van Buuren,1
Armin van Buuren,1
Саундтрек з Роккі-3 ,1
Plumb,1
Kazantip,1
"3 мин. в мечтах о сказке..) "" Сумерки""",1
Ryan Star,1
Зоряна,1
Скрябін,1
Kansas,1
John O'Callaghan & Kelly Holiday,1
Oren Lavie,1
Scars On Broadway,1
Armin Van Buuren Feat. Christian Burns,1
[JUW.ru] Armin van Buuren,1
Archive,1
Меладзе,1
sunshine,1
Sergey Nosta - Top 5 Chart [December`10],1
2nd Season,1
Season Of Hope,1
Pomplamoose,1
pomplamoose,1
pomplamoose ,1
Mr Lab,1
♬Уматурман,1
УмаТурман,1
OneRepublic,1
Carrie Underwood,1
вв,1
Иванов Александр,1
The Pierces,1
the pierces,1
Alanis Morissette,1
 Klaxons,1
Сплин,1
МОТОРОЛЛА,1
Kylie Minogue,1
Влад Дарвин (Darwin) &amp; Alyosha (Алеша),1
Ida Corr Vs Fedde Le Grand,1
Audio Bullys,1
Damien Rice,1
Океан Ельзы,1
Скрябін (Скрябин),1
NoraLasso feat Кузьма Скрябін,1
009 Sound System,1
A-HA,1
Kasabian,1
ОЛА ОЛА ЛА ЛА))))!!!,1
Sophie Ellis-Bextor,1
Sophie Ellis Bextor,1
Robie Williams,1
Tango,1
Эдуард Артемьев,1
Ерика feat. Мотор'ролла,1
The HARDKISS,1
ramona falls,1
Mina Tindle,1
'My First Hardcore Song' by 8 yr old Juliet OFFICIAL,1
White Apple Tree,1
I Am Arrows,1
● O.Torvald,1
Carly Comando,1
Skye Edwards (ex-Morcheeba),1
I am waiting for you last summer,1
Kuroshitsuji OST,1
Chew Lips,1
Within Temptation (лучший женский рок вокал),1
ZAZ,1
lazlo bane,1
Beck,1
Of Monsters and Men ,1
Michael Tolcher,1
Paula Seling & Ovi,1
Lynsey De Paul,1
Lюk,1
Liam and Me,1
DeeExpus,1
Cosmic Gate feat. Emma Hewitt,1
Modjo,1
I Am Waiting For You Last Summer,1
Теді Ведмеді,1
Mushmellow,1
God Help The Girl,1
God Help the Girl,1
The Elderberries,1
"Тартак,Моторолла,Хвилю тримай",1
Fallulah,1
The Temper Trap,1
 Scott Dunbar,1
shocking blue,1
The Beatles,1
Flipsyde,1
Break my fucking sky,1
Break My Fucking Sky,1
Maybeshewill,1
Esthetic Education ,1
The Rapture,1
Jocelyn Pook,1
Armin van Buuren vs. Sophie Ellis-Bextor,1
Calvin Harris ,1
Pianoбой,1
The Cat Empire,1
Bob Sinclar feat Sophie Ellis Bextor,1
I Hate Kate,1
"Віктор Павлік, Анжеліка Рудницька, Микола Трубач  ",1
Blackmore's Night,1
Gin Wigmore,1
Jean Elan Ft Cosmo Klein,1
Takers feat.Chipper (Matinée Amnesia Ibiza 2012),1
InСайд,1
 Mark Erman,1
Chevelle,1
Buried In Verona,1
Michael Buble,1
Joe Dassin,1
Злата Огневич,1
Solar Fields (Featuring Lisa Miskovsky),1
Lisa Miskovsky,1
Aleah,1
Mother Mother,1
Mother Mother ,1
Far East Movement,1
Finger Eleven,1
Rival State,1
5nizza,1
ThePianoGuys,1
take that & Robbie Williams,1
Hinder,1
How I Met Your Mother,1
Florence  And  The Machine,1
Swedish House Mafia feat. John Martin,1
Oasis,1
Fallulah  ,1
FMLYBND,1
Chris Cornell,1
Shiro Sagisu,1
Bleach OST,1
The BossHoss,1
Something A La Mode,1
Two Steps﻿ From Hell,1
Guyz Nite,1
Armin van Buuren feat. Lauren Evans,1
Hellsing OST,1
Ashram,1
Stabilo,1
Groove Armada,1
Sting,1
Мумий Тролль,1
Сергей Бабкин,1
Сергей Бабкин ,1
Adiemus - The Best Of Adiemus (1999),1
Keane,1
Mandy More,1
Louis Prima,1
Stone Sour,1
Johny Cash,1
Dikta,1
Birdy,1
Nickelback,1
Joby Talbot,1
Submotion Orchestra,1
The Rasmus,1
OK Go,1
Cory lee,1
John Lennon,1
U2,1
Julie London,1
Ninet Tayeb,1
Pnau,1
PNAU,1
Digital Emotion,1
Quidam,1
Andreas Vollenweider,1
Andreas Vollenweider - Book Of Roses (1991),1
Cirque Du Soleil (Quidam),1
The Stranglers,1
The Federal Ft. Rachael Kime,1
God Is An Astronaut,1
Coockoo,1
VOSMOY,1
Moddi,1
The Servant,1
SomethingALaMode,1
 Bear Mountain ,1
Xandria,1
Benji Hughes,1
Midnight Juggernauts,1
David Garrett,1
The Glitch Mob,1
Ta-ku,1
Koven,1
White Sea,1
Fuel,1
Robert Wells,1
Edvard Grig,1
White Rabbits,1
Glenn Morrison feat. Islov,1
The Clash At Demonhead,1
Blood Red Shoes,1
Semisonic,1
Green Day,1
Megadeth,1
KONGOS,1
 Two Door Cinema Club ,1
Tom Tykwer/Johnny Klimek/Reinhold Heil,1
Poets Of The Fall,1
Wolfgang Amadeus Mozart,1
ДДТ,1
Алина Орлова,1
Akira Yamaoka & Melissa Williamson (Mary Elizabeth McGlynn) ,1
[Akira Yamaoka & Melissa Williamson,1
Edguy,1
My Darkest Days,1
Godsmack,1
Ludovico Einaudi,1
Vladimir Cosma,1
ONE OK ROCK,1
Fit For Rivals,1
Icon For Hire,1
Akira Yamaoka & Mary Elizabeth McGlynn,1
Jesus on Extasy,1
Harley Poe,1
Dance with the dead,1
Shelley Harland,1
CATHEDRALS,1
Dolores O`Riordan ,1
Johnny Cash,1
 Evanescence ,1
Fergie feat. Slash,1
 ScottDunbar,1
Гудімов,1
Meghan Trainor,1
Darren Korb & Ashley Barrett,1
Darren Korb feat. Ashley Barrett,1
Nargiz Zakirova feat  The Ørphans,1
Apocalyptica feat Marta Jandova,1
Iggy Pop,1
L`ame Immortelle,1
Sabaton,1
Omega,1
The Merlons Of Nehemiah,1
Би-2 и диана Арбенина,1
Strangeweather,1
Hans Zimmer ,1
Saltatio Mortis,1
Electric Youth,1
    Yves Montand ,1
Ennio Morricone,1
Paradise Lost,1
Wu-Tang Clan,1
Stone Temple Pilots,1
Ok Go,1
DANCE WITH THE DEAD ,1
DANCE WITH THE DEAD,1
 DANCE WITH THE DEAD,1
Кому вниз ТГ,1
"Vivienne Mort (Teatr PipinО, 2013)",1
Darling Violetta,1
John Williams,1
Noel Gallagher's High Flying Birds,1
Nick Cave and the Bad Seeds,1
Frank Sinatra,1
The Hardkiss ,1
Мертвий Півень та Крихітка Цахес,1
kasiopea,1
Marco Hietala,1
KT Tunstall,1
Gotthard,1
Marie Laforet,1
Rave The Reqviem,1
Eicca Toppinen,1
Revolution Renaissance,1
Petr Elfimov,1
Sad Alice Said,1
ProleteR,1
Blind,1
The Constellations,1
Echosmith,1
Boy Kill Boy,1
Зеркальная Маска (Mirrormask) 2005 ,1
MØ,1
 Hans Zimmer,1
OONA,1
Velojet,1
Аквариум,1
Giles Palmer & Rupert Pope,1
 Shunsuke Kida ,1
Shunsuke Kida,1
No Doubt,1
Ellie Goulding,1
ПЛЕСО,1
The Maneken,1
The Maneken ,1
Black Maloka,1
AtmAsfera ,1
Друга Ріка (РЕКОРДИ),1
Stereophonics,1
Armin Van Buuren ft. Sharon Den Adel,1
Justice,1
Edward Sharpe and The Magnetic Zeros,1
Axel Rudi Pell,1
First Aid Kit,1
Anberlin,1
::: Ramona Falls,1
iday,1
The Exies ,1
Hurts,1
Sophie Hunger,1
The Weepies,1
the daydream club,1
Lorde,1
Tom Holkenborg aka Junkie XL,1
The Witcher 3: Wild Hunt OST,1
 Marcin Przybyłowicz,1
Two Steps From Hell,1
Elina Born ja Stig Rästa,1
Ольга Арефьева и Ковчег,1
Sex Pistols (Sid Vicious),1
Journey ,1
I Monster,1
Neil Patrick Harris [Dr. Horrible's Sing-Along Blog],1
 EXGF ,1
iamamiwhoami,1
VAST,1
Belasco,1
Ilya Beshevli,1
Taalbi Brothers,1
Nightcore,1
Paramore,1
Aminata Savadogo,1
Florence And The Machine,1
Adaline,1
Portishead,1
Hotel FM,1
Fabrizio Paterlini,1
isaac shepard,1
Cœur De Pirate ,1
Hot as sun,1
Meg Myers,1
She and Him,1
A-Ha,1
Genitorturers,1
Mylene Farmer,1
"Moa Pillar & Save, She",1
DAVID USHER,1
Powerwolf,1
Raydar,1
Poe,1
Helloween,1
The Radio Dept (OST Person of Interest),1
Unkle,1
Madonna (2015),1
Nerf Herder,1
Demi Lovato ,1
Сeltic fantasy,1
Katzenjammer,1
Karpatt,1
Valravn,1
Kila,1
The Poppy Family,1
Low,1
Kaleida,1
The Night VI ,1
Nik Page feat. Luminor,1
O. Children,1
The Radio Dept.,1
Of Monsters And Men,1
Corde Oblique,1
Chaos Chaos,1
Maria Bekas & Taras Nikolsky (TRUEMAN),1
Maria Bekas & Soul,1
Серце Дженіфер,1
Verticals,1
Die Form,1
Swingrowers,1
Barbara Rosene with Vince Giordano and His Nighthawks,1
Alice Francis,1
Hans Zimmer,1
Bruce Dickinson,1
Macklemore & Ryan﻿ Lewis  ,1
Young the Giant ,1
Jody Grind,1
Parov Stellar,1
Laura Marling,1
Георг Фридрих Гендель,1
Monarchy,1
Akira Yamaoka feat Mary Elizabeth McGlynn,1
монеточка,1
Hedged,1
Amanda Palmer,1
Explosions In The Sky,1
La Femme,1
Крихітка,1
Марія Чайковська,1
Мария Чайковская,1
Palast Orchester & Max Raabe,1
Iyeoka,1
The Velvet Underground,1
Dita Von Teese feat.  Monarchy ,1
she & him,1
Caro Emerald,1
Findlay,1
April March,1
Камиль Сен-Санс,1
Henry Mancini,1
Heidevolk,1
Erlend Øye,1
A.Piazzolla,1
Nevermind The Name,1
Julie Thompson with Dragon & Jontron,1
Alizee,1
Paul Halley,1
8mm,1
Woodkid,1
Doom_4_Soundtrack,1
Rafferty.,1
Samra,1
francesca michielin,1
Thomas Lemmer,1
Nerina Pallot,1
The Material,1
The Puppini Sisters,1
Theatre of Tragedy,1
Low Roar,1
Pablo Nouvelle,1
Rich Aucoin,1
Twenty One Pilots,1
Варвара Визбор,1
KRUT,1
Panivalkova,1
The Kinks,1
Fool's Garden,1
Whitey,1
M83 ,1
Singleton,1
LP-  Laura Pergolizzi,1
Karen O.,1
