title,count
Sometimes,3
Butterflies a Hurricanes,3
Без Назви,2
White Flag,2
Toccata a Fugue In D Minor,2
Serenity (ft. Jan Vayne)(Sensation White Theme 2005) (Original Mix),2
10000 Days (Wings Part 2),2
Колискова,2
Дорожка без названия 22,2
Dream A Little Dream Of Me,2
Весна,2
The Diary Of Jane,2
Give Us A Little Love,2
Cantus - Song Of Tears,2
Give My Compliments To The Chef,2
Skinny Love,2
Kill The Humans,2
Only Hope,2
Grounds For Divorce,2
Come Undone,2
Life Is Beautiful,2
Fairytale Gone Bad,2
Roads,2
Summer Son,2
The Flood,2
You're Not Here,2
Born Yesterday,2
April Rain,2
People Help The People,2
Strange Birds,2
The Spine,2
Arrival Of The Birds,2
Towards The Within,2
Nothing Left To Say,2
Promises,2
Somewhere Only We Know,2
Illusion,2
Gold Lion,2
Brand New Day,2
Missing,2
Lose Your Soul,2
Feeling Good,2
Black Black Heart,2
Hurt,2
"Feist's ""Gatekeeper"" (Pocketknife's Faded Beach Towel Remix)",2
Shot Down in Flames,2
Astronaut,2
Why Do You Let Me Stay Here?,2
Closer,2
Wuthering Heights,2
Ghost,2
Bloodstream,2
Night After Night (Out Of The Shadows),2
Shine,1
Dreaming,1
Feel,1
Cadence Of Her Last Breath,1
If I Was Your Vampire,1
Dance Dance,1
Sky Is Over,1
Theme From Two And A Half Men,1
Я не та,1
L'absente,1
Nobody's Home,1
Tell Me Why,1
The Winner Takes It All,1
A Sadness Runs Through Him,1
Beautiful Lie,1
FT002-10 Ashes To Ashes,1
Поліна,1
The Fifth Element (Diva Full Opera Mix),1
La Chute,1
Hunter,1
It's Amazing,1
Falling For You,1
They,1
В порту,1
Waiting (Dabruck a Klein Remix Edit),1
Rain,1
The Bird And The Worm,1
How To Save A Life,1
Tonight,1
О любви,1
Happy New Year,1
А Я Відкривав Тебе,1
One Love,1
Без тебя,1
Ruby,1
Ulysses,1
Chasing Cars,1
Splitting The Atom,1
Ignorance,1
Empire State of New York,1
Три хвилини,1
Чайка,1
Мы Разбиваемся,1
Мачо,1
Выходные,1
Make It Mine,1
Why Does My Heart Feel So Bad?,1
Harder Better Faster Stronger,1
Objection (Tango),1
Bodies,1
Sorry,1
Not Fair,1
Smile,1
Grace Kelly,1
Lollipop,1
Blame It On The Girls,1
Don't Bother,1
Careless Whisper,1
Misery Business,1
Save Me,1
To Be Free,1
Knock Me Out,1
(1) Jah Is Good (2) Sweet Loving(3) The Poor People ( 4) Yes We Can (5) Greetings Dominicans (6) L Love You More And More (7) Life Not Easy (8) Paid Bouche People Prayer To Jah(9)Yes We Can Mix (10) Sweet Loving Mix,1
I Remember Everything,1
Storm,1
Chase Me,1
Tomorrow - Never,1
Swans,1
Our Lawyer Made Us Change The Name Of This Song So We Wouldn't Get Sued,1
Howl's Moving Castle,1
Надя,1
Dragon Boy -Ryuu No Shounen-,1
Spirited Away - The Sixth Station,1
Girl Of The River,1
Itsumo nando demo (from Spirited Away),1
Формалин,1
Boat Behind,1
I'd Rather Dance With You,1
Misread,1
Naked As We Came,1
Brick By Boring Brick,1
Berlioz: Les Troyens - Act 4: Marche Pour L'Entrée De La Reine Sur Le Theème Du Chant National,1
Let The Flames Begin,1
Give! (Sebastian Wolter Original Radio Version),1
Thinking About You,1
Это Был Дождь,1
This Is How I Disappear,1
All I Need [Live Audio],1
Eye Of The Tiger,1
The Motorcycle Diaries OST - De Ushuaia ala Quiaca,1
This Town Ain't Big Enough For Both Of Us,1
Gonna Fly Now - DeEtta Little a Nelson Pigford,1
The Lion Fell In Love With The Lamb,1
Let Me Put My Love Into You,1
Come Out And Play,1
Квінти,1
83.【信頼関係の大切さを説く】パイ・リン(彼女)を信頼しないと、彼女にも信頼して貰えないのよ。If you don't trust her she won't trust you either.,1
Carry On My Wayward Son,1
Dogma,1
Реки И Мосты [Англ. Версия],1
Her Morning Elegance,1
Serious,1
This Light Between Us,1
Mirage,1
You make me feel [Live Zénith Paris],1
Се Ля Ви,1
Самба Белого Мотылька,1
Спрячем Слёзы От Посторонних,1
Top! Top! The Radio!,1
Higher Place (Bassjackers Remix) - Dimitri Vegas a Like Mike VS Neyo,1
GLITTER,1
Richter: Vivaldi The Four Seasons - Autumn 1,1
Telephone,1
Can't Take My Eyes Off You,1
Mr. Sandman,1
Anyway,1
Проститься,1
В городе дождь,1
Я Так Ждала Тебя(Pop Version),1
Тимати и банда - Плачут небеса,1
Ты Далеко,1
Everybody Loves Me,1
Old Yellow Bricks,1
Kidz,1
Wake Up And Smell The Coffee,1
Lifelines,1
Analogue,1
I Need A Doctor (Edited Version),1
It's Raining Again (Smile),1
Cowboy Casanova,1
Розамунда,1
Танці,1
Let's Kill Tonight,1
Build God Then We'll Talk,1
Machine,1
Боже Какой Пустяк,1
I Write Sins Not Tragedies,1
Forever Not Yours,1
Sticks And Stones,1
Secret,1
Crazy,1
Golden Skans,1
Прочь Из Моей Головы,1
Аеліта,1
Моя вода,1
In Your Eyes,1
Самая любимая песня,1
Price Tag,1
Смысл Жизни (Radio Remix),1
Let Me Think About It,1
Only Man,1
Stop Crying Your Heart Out,1
Decode,1
Karma Police,1
9 Crimes [Demo],1
I Just Wanna Run,1
Coming Home (Ft. Skylar Grey),1
Він Чекає На Неї,1
The Bard's Song (The Hobbit) [New Recording 2011],1
Глава 1,1
Trinity,1
Cheated Hearts,1
Breathe Me,1
Love You Like A Love Song,1
Butterfly Butterfly (The Last Hurrah),1
Underdog,1
Дочка Україна,1
Me And My Imagination,1
Off a On,1
Murder On The Dancefloor,1
Heartbreak (Make Me A Dancer),1
The Road To Mandalay,1
Breathe Your Name,1
Don't Dream It's Over,1
"El Tango De Roxanne (Instr. From ""Moulin Rouge"")",1
"Финал [Из к/ф ""Свой среди чужих чужой среди своих""]",1
Dawn: Dawn Is A Feeling,1
Bonfires,1
Heavy Cross,1
Drips,1
Bird Song,1
Dance with Me,1
Babylon,1
Russia,1
To Carry Many Small Things,1
What You Know,1
Be Mine,1
God Made Me,1
Snowflakes,1
In The Next Room,1
Naive,1
I'm in Here (Piano/Vocal Version),1
Club Foot,1
She Said,1
Green Grass,1
arigatou <thank the world for LOVE... gift song for 2011>,1
Carnival Of Rust,1
Everyday,1
Feel Good Inc. (Featuring Gorillaz),1
The Negative Sex,1
My Secret Friend (Featuring Imogen Heap),1
Think Of England,1
Dance Anthem Of The 80's,1
(Stranded On) The Wrong Beach,1
Lonely No More,1
Ooh La,1
My Everything,1
Bleed It Out,1
Wonder Why,1
Promise,1
Just Dance,1
Зима. Времена Года Соч.8 I Allegro Non Molto,1
Never Let Me Go,1
Unseen,1
La Seine,1
Speechless,1
Say That You Love Me,1
Five Colours In Her Hair,1
Si deus me relinquit,1
I Miss The Misery,1
Karen,1
You are the one,1
Welcome To Mystery,1
1 2 3 4,1
L'Amore È Femmina,1
Sous La Pluie,1
Superman,1
Everybody's Gotta Learn Sometimes,1
Colours,1
Your Love Is A Song,1
Little Talks,1
What About Now,1
Bad Habits,1
With Or Without You,1
Fire And Ice,1
Playing With Fire,1
True Faith (New Order Cover),1
Love Profusion,1
Kiss With A Fist,1
Can't Shake It,1
Heads Will Roll (A-Trak Remix) [Radio Edit],1
Tigerlily,1
Sugar Me,1
Сахалiн,1
Back To You,1
Say It Out Loud,1
King of Number 33 (II - Accession),1
These Days Are Ours,1
Be Your Sound (Orjan Nilsen Remix),1
Empty Bed,1
Ship,1
The Moment I Knew,1
Wind in Her Hair,1
You,1
Alps,1
Lady (Hear Me Tonight),1
Kitten Who Did Not Want To Give Up,1
Solar Wind,1
NO bambino,1
Hellen,1
Girls,1
Funny Little Frog,1
Baby You're Blind,1
Не дзвонила не заходила,1
Bikini (Cyberpunker Remix),1
Радуйтеся люди всі,1
Thunder Without Rain,1
Jar Of Hearts,1
No Tears,1
It Is What It Is,1
Dirt And Roses,1
Sweet Disposition,1
Tin Foil Hats,1
Long And Lonesome Road,1
Foot Of The Mountain,1
Michelle,1
Her Name Is Alice (Bonus Track),1
Will You Remember,1
Sleep,1
Someday,1
I'm A Bitch I'm Lover,1
Dakota,1
Top Of The World,1
The Last Song (I'll Ever Write About You),1
Haifa (Club Star Remix),1
He Films The Clouds Pt. 2,1
Direct Hit,1
Unbelievable,1
So American,1
How Deep Is Your Love?,1
Darling I Need Your Loving,1
Maybe Tomorrow,1
Loving Strangers,1
Not Giving Up On Love [Radio Version],1
Sweet Nothing (Featuring Florence Welch),1
Called Out In The Dark,1
Sitting Waiting Wishing,1
Lonely Boy,1
Erase Me,1
Til The Ocean Takes Us All,1
I Don't Want To Be,1
Fuck With You (Fuzzy Hair Remix),1
Everybody Talks,1
Then You Kiss,1
Falling Down (The Prodigy Version),1
Stray Heart,1
Знайди мене,1
We'll Be Coming Back,1
Cosmic Love,1
Dog Days Are Over,1
Shake It Out,1
Whatever You Like (Single Version),1
Wish You Were Here,1
Kill Of The Night,1
Feel Alive (Arnaud Andrieu a Matt Venice Remix),1
You Belong To Me (Radio Edit),1
Don't You Worry Child (Radio Edit),1
Smoke Sign - Before The 3 Suns (Urban Shaman Remix) (Trance / Electro / Progressive),1
Until The Day I Die,1
Planetary (Go!),1
Beyond My Wildest Dreams,1
The Jetset Life Is Gonna Kill You,1
You Found Me,1
Sober,1
You Lost Me,1
The Fad,1
LionHeart,1
Feeling Good (Joe Claussell Remix),1
Pieces,1
With Me,1
Baiya,1
The Lightning Strike (What If This Storm Ends?),1
Suddenly I See,1
Maybe I Maybe You,1
Salut,1
A Toi,1
Une Vie D'amour,1
Les Champs-Elysées,1
Dalida a Alain Delan / Paroles Paroles,1
My Bunny,1
Life,1
Time Lapse,1
Primavera,1
Divenire,1
Still Alive (The Theme From Mirror's Edge),1
Still Alive (Benny Benassi mix),1
Don Abandons Alice,1
Serious Problems (Mirco Niemeier Remix),1
Chasing It Down,1
Let's Fall In Love,1
I Just Wanna Live,1
Good Life,1
I Wish I Was Someone Better,1
Like A G6,1
Echoes,1
Paralyzer,1
Sleep Talker,1
Can't Pretend,1
Welcome To My Life,1
Love Story Meets Love Story (Taylor Swift Remix),1
Стрела,1
Привяжи меня к себе,1
Careless Whisper (George Michael),1
BACH IS BACK,1
Tripping (Album Version),1
Don't Stop (Color On The Walls),1
Club Thing,1
Bones,1
Bliss (I Don't Wanna Know),1
"How I Met You Mother (Main Title Theme) ""Hey Beautiful""",1
Heavy In Your Arms,1
I Hate Everything About You,1
Your Love Is A Lie,1
Blind Man,1
The Sharpest Lives,1
Teaser,1
Hurricane,1
Save The World / Punk (Arty Rock-N-Rolla Mix),1
I'm Outta Time,1
Just So,1
Electricity (Rush),1
In The City,1
You Know My Name,1
Here Comes Da Boom,1
Baba O'Riley,1
Everyone's Heart Belongs,1
Special Christmas Present From Shiro Sagisu And Freedom Choir,1
Don't Gimme That,1
Gstring  ,1
Take It Or Leave It,1
It's a Beautiful Day,1
Pretending,1
Join Me,1
Spectrum,1
Strength Core,1
Take Me Out,1
My Best Friend,1
Die Hard,1
A Bad Dream,1
Where Do We Draw the Line,1
Alone,1
The World Without Logos,1
Maria and the Violin's String,1
На першому місці,1
Wake Up,1
Everybody,1
All Night,1
Just Tonight,1
Easy,1
Until...,1
Let's Dance To Joy Division,1
I Bet You Look Good On The Dancefloor,1
Дельфины,1
Забери,1
Возьми Меня,1
Cantus - Song Of The Spirit,1
A Kiss,1
Алло дорогая (Из к/ф Очень синяя борода),1
Me is,1
Higher Than The Sun,1
Bad Day,1
All I Want,1
Don't Speak,1
Sing Sing Sing (With A Swing),1
Humanity,1
Still Loving You,1
Losing My Religion,1
Change of Heart,1
The Pretender,1
Through Glass,1
One,1
Breaking the Waves,1
Give Our Dreams Their Wings to Fly,1
Celebrate,1
Old Flavours,1
Your Woman,1
Avalanche,1
Never Gonna Be Alone,1
Green Eyes,1
Trying To Stop Your Leaving,1
"""...similarities between diverse things..."" for piano trio and vibraphone",1
Gershwin: Our Love Is Here To Stay,1
Liar Liar,1
Levitate [Rock Mix],1
I'm Not Jesus (Featuring Corey Taylor),1
Rosary Blue (Featuring Kat von D) [Bonus Track],1
Justify,1
Can You Feel The Love Tonight?,1
Here It Goes Again,1
Mr Sandman,1
Dream Is Collapsing,1
Panic Shear Bloody Panic,1
Love To Burn,1
Pumpin Blood,1
Leave Me Alone,1
Tell Me Brother,1
Inflatable You,1
If You Really Loved Me,1
Royals,1
Nicotine,1
Modern Jesus,1
Imagine,1
Ordinary Love,1
If Only You,1
Supergirl,1
Fly Me To The Moon,1
A Girl Like Me,1
Radio Silence,1
Mad About You,1
Vinegar a Salt,1
No More Sweet Music,1
Electra Heart,1
Solid Ground,1
Embrace,1
The Mother We Share,1
Get Up Action,1
She Has No Time,1
Wasting My Young Years,1
Cirque Du Soleil,1
Hirzel,1
The Grand Ball Of The Duljas,1
Steel Dream,1
Rain One,1
Atmadja,1
Patience,1
The Factory Gates,1
Golden Brown,1
Rock N Roll Nerd,1
So Long (As We Are Together),1
Mr. Blue Sky,1
Bows a Arrows,1
Bedroom Hymns,1
Firefly Main Title - The Ballad Of Serenity,1
Misery Company,1
Absolution,1
Lost Boys,1
Ships In The Night,1
Perfect Skin,1
A Little Death,1
Why'd You Only Call Me When You're High?,1
From Sarah With Love,1
Why'd You Bring A Shotgun To The Party,1
Fucked Up World,1
Devil Kind of Girl,1
Norwegian Stars,1
The High Road,1
You Don't Want Me Around (Featuring Rachael Kime),1
The Outsider,1
Eden,1
Tear You Apart,1
Faster,1
Shatter Me- Ft. Lzzy Hale,1
Blood In My Eyes,1
Mother Murder,1
Gunshot,1
It's On Again,1
The Golden Throne,1
From Dust to the Beyond,1
Start Of Something New,1
Too Late,1
Red Colored Stars,1
Recover,1
Decirnos Adiós,1
Будь моим смыслом,1
Maxwell's Silver Hammer,1
Honesty,1
Sounds Of Silence,1
The Angry River,1
Tainted Love,1
House By The Sea,1
Cells (Instrumental),1
Take A Bow,1
Someone Who Cares,1
Tame Impala - Feels Like We Only Go Backwards,1
Stronger Than Ever,1
Losing Game,1
Two Step,1
Vasil Vasiltsiv,1
Dreamkeeper,1
Vertigo,1
Waiting For An Invitation,1
Ballad Of The War Machine,1
Creep In A T-Shirt,1
Who Wants To Live Forever?,1
Dope,1
Animus Vox,1
Glorious,1
Why,1
Paddling Out,1
Another Home,1
Flash,1
Cold Summer,1
Let Me Kiss You,1
Earth Is The Loneliest Planet,1
I'm Sorry,1
Chopin: Fantasie,1
Grieg: Peer Gynt Suite #1 Op. 46 - 4. In The Hall Of The Mountain King,1
Percussion Gun,1
Still Counting,1
XXX 88 (Featuring Diplo),1
1973,1
Goodbye [Radio Edit],1
Двое против всех,1
We Are Sex Bob-Omb,1
It's Getting Boring By The Sea,1
On My Own,1
Closing Time,1
Best Of You,1
Holiday,1
Famous Last Words,1
Private Hell,1
You Don't Remember I'll Never Forget,1
Sappy,1
Decadance,1
Reckoner,1
Falling,1
Roulette,1
Toxicity,1
Prison Song,1
Lonely Day,1
Atwa,1
Chop Suey!,1
I-E-A-I-A-I-O,1
Sad Statue,1
Kill Rock 'n Roll,1
Radio/Video,1
Inside The Fire,1
Hey I Don't Know,1
I'm Only Joking,1
Geek In The Pink,1
I Can Talk,1
All Together,1
All Of Me,1
Temple Of Sacrifice,1
French Cartoon,1
Out Of The Black,1
Island In The Sun,1
War,1
The Passanger,1
Mozart: Requiem In D Minor K 626 - Lacrymosa,1
Hold On,1
Forever Yours,1
Only,1
Roses,1
Bad Rain,1
One Way Or Another,1
Nothing,1
Escape,1
I Dont Feel Like Dancing,1
Roundtable Rival,1
Broken Promises,1
I Like Birds,1
leave ～ alone / none of someone's business,1
Осенняя,1
Sirdis,1
When You're Gone,1
Paper Boats,1
She Shines (Featuring Ashley Barrett),1
Who We Are,1
Dragonfly,1
Still Worth Fighting For,1
Straight Out Of Line,1
I Stand Alone,1
Our Destiny,1
Delirium,1
Experience,1
Gold,1
Where I'm Going,1
Sleep Forever,1
People Say,1
Never Met A Girl Like You Before,1
Compères Les,1
Otherside,1
Invaders Must Die,1
Deeper Deeper,1
Crash,1
Hero Of War,1
Carol Of The Bells,1
Make A Move,1
For My Sake,1
Dreamer,1
Simple Song,1
Control The Storm,1
Stay with Me,1
That Time Of The Month,1
The Ubiquitous Mr. Lovegrove,1
Lost In Paradise,1
Stay,1
Zombie,1
Blank Infinity,1
28 Theme,1
Step Out,1
In the Dark,1
I'm Alive,1
Ordinary Day,1
Nothing To Say (Featuring Matt Shadows of Avenged Sevenfold),1
Lithium,1
Sweet Child O' Mine,1
Her Name Is Alice,1
Beautiful Dangerous,1
Take Me To Church,1
Tinfoil Hat,1
Centuries,1
My Mind,1
Everytime,1
Kill Your Heroes,1
Wings,1
Сумую,1
All About That Bass,1
Anastasia,1
Leave Them Alone,1
Menulis,1
En Vie,1
Катастрофически,1
We Drink Your Blood,1
In The Death Car,1
Блюз 16+,1
Fallen Angel,1
Pitchblack,1
40 1,1
Gyöngyhajú Lány (Pearls In Her Hair),1
I Am God,1
Romanoir,1
Poison,1
Из-За Меня,1
Вечная Призрачная Встречная,1
Give Me Hope,1
Take Back The City,1
Let It Die,1
Mourning Sun,1
Transylvanian Werewolf,1
A Dark Knight,1
Gott würfelt nicht,1
The Best Thing,1
Sous Le Ciel De Paris,1
L'estasi dell'oro (Ecstasy of Gold),1
Legion of Doom (Death By Metal 1st Version Demo),1
On The Nature Of Daylight,1
Paradise City (Feat. Fergie a Cypress Hill),1
One Blood Under W,1
Interstate Love Song,1
Conduct,1
Faith,1
Sick Muse,1
Shiver,1
To Build A Home -Feat. Patrick Watson-,1
Invincible,1
Coffee Shop,1
In The Kingdom Of The Blind,1
Ми - Хлопці З Бандерштадту,1
Лети,1
Сліди маленьких рук,1
Lullaby and Goodnight,1
Я Теперь Буду Верен тебе (Посвящается Супруге),1
A smaller god,1
"В Память О Холокосте / Тема Из К/Ф ""Список Шиндлера"" / Увертюра К Опере ""Тангейзер""",1
Let The Lord Shine A Light On Me,1
We Came Along This Road,1
H.E.S.,1
Killing Me Softly,1
October,1
Stones,1
In Love,1
Б'ютіфул Карпати,1
Let Me Take You Home Tonight,1
Your Body Is A Battleground,1
Saving My Face,1
Black Horse And The Cherry Tree,1
I Know You Know,1
Ivan Boris Et Moi,1
The Svlphvry Void,1
Evil Ground,1
Heroes,1
Wasted Time,1
Eyes That Never Lie (Belarus),1
Open Your Eyes,1
What About Love,1
Silence,1
You Have Killed Me,1
April Showers,1
Black Sheep,1
Time Is Running Out,1
Perfect Day,1
Female Robbery,1
Animals,1
Cool Kids,1
Hey Hey,1
Irresistible,1
"They Long To Be Close To You (From O.S.T. ""The Heartbreak Kid"")",1
Don't Wanna Dance,1
Melectric,1
Main Theme [Rain Man],1
Shout,1
I Follow My Heart,1
Hung Up,1
Killing Strangers,1
Город Золотой,1
Electricity,1
Phalanx,1
Penetrator,1
It's My Life,1
Stay Awake,1
Yellow Flicker Beat,1
Burn,1
Team,1
Дела Людей Которые Были До Нас,1
Magic Of The Moment,1
Лю,1
Sunbeam Girl,1
Mass Murder Machine,1
11 - AtmAsfera - Fly away (Lety),1
Човен,1
Real Sugar,1
Дерево,1
Небо,1
Sam sobi ostriv (Сам собі острів),1
Falling Sky,1
In A Moment,1
Melody Maker,1
You'll See,1
Time Machine,1
In And Out Of Love,1
D.A.N.C.E.,1
Party Police,1
From Finner,1
Home,1
Long Way to Go,1
Winter Is All Over You,1
Broken,1
The Runaways,1
I Say Fever,1
Fingerhold,1
Return To My Love,1
Goodbye Kiss,1
This Is The Sound,1
Ugly,1
Everybody Knows That You Are Insane,1
Let The Record Show,1
Liar (Machine Mix by Dope Stars Inc.),1
Miracle,1
What Kind Of Man,1
Juliet,1
Opheliac,1
Razorbliss,1
Щось на зразок,1
Shape,1
Rule The World,1
Survivor,1
Stray,1
Bad Boyfriend,1
Can't Deny My Love,1
Dream Lover,1
I Predict A Riot,1
Fancy Things,1
I'm So Sorry,1
Soundwaves Of Gold,1
Before He Cheats,1
Castle In The Snow,1
Tennis Court,1
Dies Irae (Liber Scriptus - ab Takt 162),1
Angel Of The Morning,1
Handel: Theodora HWV 68 - Act 1: Racks Gibbets Sword a Fire,1
Eredin King Of The Hunt,1
Remember You (Ost Version),1
Goodbye To Yesterday,1
Riverside,1
Флейта,1
The Guesser,1
C'mon Everybody,1
Separate Ways (Worlds Apart),1
Flyswatter,1
Chelsea Dagger,1
Daydream In Blue,1
Dull Life,1
Г.Г.П.Т.К.Н.,1
Survival,1
Fresh Blood,1
Sun,1
"True Survivor (From ""Kung Fury"")",1
Everything You Ever Knew,1
Slipping,1
Make Me Wanna Die,1
We Are The Hearts,1
Shadowshow,1
The Look,1
Delilah,1
Disappear Here,1
Formula Of Fear,1
Stop! And Make Your Mind Up,1
Turquoise,1
Vertigo (Featuring Alex Turner),1
Hypnotic,1
Always On My Mind (vocals by Mary Elizabeth McGlynn),1
Rachael,1
Chloroform,1
Crystals,1
Night Forest,1
Escape Velocity,1
The Road To Mondalay,1
Never Alone,1
This Cocaine Makes Me Feel Like I'm On This Song,1
Queen Of Peace,1
Get Around Town,1
The Only Exception,1
Exo-Politics,1
I Love It Loud (Injected Mix),1
I Need You,1
Wie ich einmal der Scorpions-Sänger Klaus Meine war,1
White Lies,1
Rabbit Heart (Raise It Up),1
This Is What You Do,1
Trouble,1
Missing (Todd Terry Mix),1
Made Of Glass,1
Lingala (feat. Bokatola System and Evala Litongo),1
Heartache,1
Elysium,1
Never Wrong,1
Faraway,1
How Far - (Vocals Marta Jandová),1
Gust (Instrumental),1
Gust (Orchestral),1
Manifestation,1
Drowning,1
Beyond Thought,1
Change,1
Veloma,1
Cast In Steel,1
Forest Fire,1
Sprinkle to Rain,1
Save Our Last Goodbye,1
Morning Has Broken,1
Oceans Brawl,1
Love Letters,1
Call Me,1
Mother I'm Alive,1
Prejudice,1
The Good Book,1
Ten Foot Cock a A Few Hundred Virgins,1
Fat Children,1
Dark Side,1
Canvas Bags,1
In The Room Where You Sleep,1
New Born,1
Bliss,1
Unintended,1
Starlight,1
Lemon Eyes,1
A Bolt From The Blue,1
Confide In Me,1
Stockholm Syndrome,1
Not Perfect,1
City Of Delusion,1
Objects In The Mirror,1
Confessions,1
Die Die Crucified,1
Sanctified with Dynamite,1
Kabangin' All Night,1
Pourvu Qu'elles Soient Douces,1
In This Boat,1
St. Satans Day,1
Full Moon,1
Haunted,1
Lost My Mind,1
Stay Crazy,1
Friends Make Garbage (Good Friends Take It Out),1
High,1
It's Personal,1
When Things Explode (Featuring Ian Astbury),1
Living For Love,1
Afraid,1
Тёплые Коты,1
Buffy The Vampire Slayer Theme,1
The Bomb,1
Cool For The Summer,1
Dance Of The Sugar Plum Fairy,1
Lady Marlene,1
Warriors Of The World United,1
Des Idées,1
Kroppar,1
Dancing In The Street,1
And It's 'Layla' Not 'Leyla'..,1
Love In Chains,1
The Trooper (Overture),1
Dusty Wine Bottle,1
Meant,1
There's No Blood in Bone,1
Step,1
Words Of Love,1
Bullets,1
Think,1
レザマリでもつらくないっ!,1
Voices from Outer Space,1
Ruins,1
Strange Things Will Happen,1
Thousand Eyes,1
The Day Is My Enemy,1
Cantastorie,1
Down,1
Do You Feel It?,1
Let Down,1
I Walk Alone (Live At Teatro El Círculo Rosario Argentina/2012),1
Never Enough,1
Victim Of Ritual,1
Once Bitten Twice Shy (Cover),1
Moon and the Stars - Місяць і зіроньки,1
So Long,1
The One,1
Cantique,1
Mystique Voyage,1
Pack Up The Louie (Caravan Palace Remix),1
That's Right!,1
Демони,1
Rue Des Cascades,1
Sweet Man,1
Jolie Coquine,1
Shoot Him Down (Parov Stelar Radio Version),1
Ангелы и демоны,1
Abduction,1
Thrift Shop,1
In For A Kill,1
Cough Syrup,1
Lone Digger,1
We've Had It,1
Catgroove,1
Booty Swing,1
My Manic And I,1
Водопад (Allegro),1
Living Without You,1
Сперма на губах (ft Сухарь ПРИЮТ),1
Гарри Поттер,1
Some People Have It Worse Than Me,1
Every Time I Call,1
Mary,1
Stayin' Alive,1
Soft Rock Star,1
Magic Hours,1
Lamplight,1
Télégraphe,1
Turbo Killer,1
Без імені,1
Розкажи,1
Не уходи,1
Original Charleston,1
Simply Falling,1
Louise,1
Gucci Coochie,1
The Trick To Life,1
Cops And Robbers,1
Worried About Ray,1
Goodbye Mr A,1
Aftermath,1
The Wonderful In You,1
Dragons,1
Violente Valse,1
Your Sister Can't Twist (But She Can Rock a Roll),1
Arcady,1
Amalfi,1
Chick Habit,1
Пляска Смерти Соч. 40,1
Faded,1
Moon River,1
Escape From Midwich Valley,1
Le Perv,1
Deemstering,1
Surf Rider,1
Estate,1
Libertango,1
Life Jacket Water Wings,1
Raise Hell,1
Loved (Radio Edit),1
Мене вже немає,1
Дрг і врг,1
When You Know,1
Moi... Lolita,1
Word Up!,1
You Are Mine,1
Plane,1
In the Bleak Mid-Winter,1
Spore,1
"Вальс-раздолье (из к/ф ""Сказка странствий"" 1983)",1
There's Only Me,1
Angel,1
Elegia,1
Low Place Like Home,1
Lacrimosa,1
Towards The Sun,1
The Deer,1
Love At The Gate (Instrumental),1
La Valse D'amélie (Orchestra),1
Time,1
Apple Pie,1
Ocean Drive,1
Square One,1
The Boy Who Murdered Love,1
Control,1
Isaiah 43:16-21 Miracles Of The New Exodus,1
Color Of Your Life,1
Nessun Grado Di Separazione,1
Is It Too Late Featuring Lena Belgart [Classic Piano Mix],1
Rock Bottom,1
"Голуби (OST ""Он-Дракон"")",1
Live Like Legends,1
Summer 78,1
Get Down Tonight,1
Free Bird,1
You've Got The Love,1
What The Water Gave Me,1
Seven Devils,1
Someday Soon,1
Life Vest,1
City Of Light,1
I'Ll Keep Coming,1
좋아해도 되나요 (...Is It OK?),1
Brian Wilson Is A.L.i.V.E. (All Living Instantly Vanquish Everything),1
The Weight Of Love,1
Delhi.com,1
Walking With A Ghost,1
Johnny Kick A Hole In The Sky,1
Dad (#heimkommen),1
Honey Bee,1
The Getaway,1
Мюнхгаузен,1
I Wanna Fly,1
Beginning,1
Kaisermarsch,1
Crucify,1
I Will Be With You,1
Essential,1
All Over The World,1
If You Were A Sailboat,1
Die For Metal,1
Крейзі Нікіта,1
Sunny Afternoon [Stereo],1
Reason,1
People,1
Die Alone,1
Go! (Featuring Mai Lan),1
Do It Try It,1
Breathe In Breathe Out,1
The Lonely,1
Dance For Me Wallis,1
Kill Me,1
Still Falling For You,1
Пообіцяй мені,1
Hey Now,1
Spring 0,1
Lost On You,1
A Fine Blue Line,1
Don't Do Me Any Favours,1
GM_339_13 New Heights - Theme,1
The Moon Of Love Medley: Dream Lover Single Girl I'm A Believer Bobby's Girl When Don't Go Breaking My Heart Shoop Shoop Song Da Doo Ron Ron Then I Kissed Her Under The Moon Of Love,1
Real Emotion,1
Last Dance,1
Before Love,1
Architect of Love,1
Elephant Woman,1
Cigarette Burns,1
Evergreen Love,1
You're Sixteen,1
旅のはじめに,1
Hardest Of Hearts,1
Girl With One Eye,1
Given Up,1
Bittersweet Me,1
Path Of Thorns,1
I Don't Care,1
Here There And Everywhere,1
Lucifer's Angel,1
Immortal,1
Hurricane Drunk,1
Boxcar,1
First Day Of My Life,1
Organum,1
Heartstrings,1
