album_title,count
CRISIS CORE -FINAL FANTASY VII- Original Soundtrack,4
Twilight: The Score,2
Cloud Atlas,2
A Beautiful Lie,2
Rated R,2
In Eternal Lines,2
A Modern Way Of Living With The Truth,2
That's The Spirit,2
In A Time Lapse,2
I Love You.,2
Drink The Sea,2
×,2
Sempiternal,2
Until Now,2
Dear Agony,2
James Arthur,2
Love Lust Faith + Dreams,2
Master Of Confusion,1
This Light Between Us (Deluxe Edition),1
The Evolution Of Man,1
Stones In The Road,1
Dreaming Out Loud,1
Distant Earth,1
#musicislife,1
Русская Дискотека Vol. 5,1
Выше чем любовь - Single,1
Good Girl Gone Bad,1
Silver,1
Richter: The Blue Notebooks,1
Disko Vietnam,1
The Best Of The Texas Aggie Band,1
This Way,1
Я отрываюсь,1
У времени в плену,1
Twilight [The Score],1
PACHA SUMMER 2010 [Disc 2],1
Essential Music (Album),1
Let's Be Animals,1
Попытка №5,1
11:59,1
Underground Vol. 16 For Da Summa,1
TRON: Legacy,1
Les Chevaliers Du Ciel,1
Remember Me (Original Motion Picture Score),1
Ты Меня Не Стоишь,1
N3xt,1
Never Gone,1
Now That's What I Call Music! 78 [Disc 2],1
Fallen,1
No Boys Allowed [Bonus Tracks],1
Double Brutal [Disc 2],1
Alexis Jordan,1
9,1
Feeling Strangely Fine,1
Take It [Maxi CD],1
Вернись,1
Transformers: Revenge Of The Fallen - The Score,1
5.0,1
Playing In The Shadows,1
The Incredible Hulk,1
Minutes To Midnight,1
Hybrid Theory,1
Hello Nicki,1
La Radiolina,1
Addicted To Bass Winter 2009 [Disc 1],1
Dreamland,1
Greatest Hits,1
Loud,1
Progression Progressed,1
World Traveler OST,1
Livin' In A World Without You,1
Evangelion3.0,1
最近追加した項目,1
Savage Garden [International Version],1
Sherlock: Series Two,1
In The City [Explicit],1
A Tale Of Two Towns - The EP,1
Word Of Mouth [Bonus Tracks],1
The Sound of Madness,1
Never Be Alone [Single],1
Live At The Rogue Folk Club,1
Disc-Overy,1
Bandslam,1
Don't You Worry Child (UK Promo),1
Faceless,1
Hats Off To The Bull,1
Wish,1
The 13th Floor,1
Extreme Behavior,1
Perfectionist,1
Seven Years: 1998-2005,1
Three Days Grace,1
Shining Silver Skies,1
My Darkest Days,1
Speak,1
The Fast And The Furious Soundtrack Collection,1
Silver Side Up,1
Halcyon Days,1
To The Edge Of The Earth [EP],1
My Beautiful Dark Twisted Fantasy,1
No Mercy,1
The Illusion Of Progress,1
Eat Me Drink Me,1
Janie Don't Take Your Love To Town (Single),1
Underground X,1
Rich Kidz (Deluxe Edition),1
Living Things,1
A Thousand Suns,1
At Rock am Ring 2013,1
Pure Deep House 2,1
The Collection - Featuring Frankie Lymon,1
Scream,1
Polyphonies,1
Habits Of My Heart EP,1
Good Bye Lenin!,1
All The Right Reasons,1
What I've Become,1
Meteora,1
Linkin Park Live Atlantico 09-09-2003,1
By The Way,1
Вечер вдвоем-лучшие инструментальные мелодии-10,1
X-Men: Days of Future Past (Original Motion Picture Soundtrack),1
Maxi Dance Sensation 21 [Disc 1],1
Per Sempre,1
Heart Shaped World,1
Time Love a Tenderness,1
No Fixed Address,1
American Beauty / American Psycho,1
Tha Carter III,1
Tha Carter IV (Deluxe Edition),1
Chariot,1
Late Nights with Jeremih,1
28 Weeks Later,1
Another Home [Single],1
Who We Are,1
Flocon De Neige,1
Camino Palmero [Bonus Track],1
Moonchild,1
Mighty To Save,1
Midnight Hour,1
The Pale Emperor [Bonus Tracks],1
The Hunting Party,1
Results May Vary,1
Sadnecessary,1
No Angel,1
Love In The Future,1
Why / Lament - EP,1
Graffiti On The Train,1
Dark Horse (Rock Version) [Single],1
A State Of Trance 2009 [Disc 1],1
Yellow Flicker Beat [Single],1
Welcome to the Masquerade (Fan Edition),1
Days Of Future Passed,1
The Heart Of Everything,1
Under My Skin,1
Painting Pictures Of A War,1
BACK BEATs #1,1
Found Songs,1
Black Bear,1
Smile,1
Is Sleeping,1
Overcome,1
Edge Party,1
Born To Die,1
You Gotta Go There To Come Back,1
For Now I Am Winter,1
Young For Eternity,1
Songs From Before,1
Approaching Normal,1
Hotel Cabana,1
Empire Of Our Own [Single],1
The New Daylight,1
Drei,1
Red Box,1
Hearts Of The Innocent,1
Deadpool (Original Motion Picture Soundtrack) [Bonus Tracks],1
Untamed,1
Модель,1
The Alternative,1
I Giorni,1
Night Forest,1
Russian Notebook,1
One Man Band,1
Hi Power 2007,1
All We Are - EP,1
xx,1
Una mattina,1
Aaron Rosand In Norway,1
Deeper Places,1
Oblivion - Original Motion Picture Soundtrack,1
Media,1
The Twilight Saga: Breaking Dawn Part 1,1
I'm Just a Skipping Stone,1
From Sleep,1
Balance 020 (Mixed By Deetron),1
Badlands [Deluxe],1
Songs From The Tainted Cherry Tree,1
The Divide,1
Peace Is The Mission,1
Controlling Crowds,1
Surrender (Deluxe),1
Hunting for Happiness,1
Adore,1
Chandelier,1
Sparks,1
Tonight in Babylon (Remixes),1
Cloud Nine,1
Palm Of Your Hand (Featuring Joni Fatora) [Single],1
Billy Talent II,1
Second Horizon Reimagined,1
Sorry,1
Kiss Of Death,1
Fuckin Perfect (In The Style Of Pink),1
The Everlasting Guilty Crown,1
Lonely,1
Transit Of Venus,1
Lost On You,1
Heathens [Single],1
Boom Boom Boom,1
A/B,1
Rise - Tribute To Katy Perry,1
Öldurót (feat.SinfoniaNord/Atli Örvarsson) [Island Songs IV],1
От рассвета до заката,1
The End Is Where We Begin,1
Once More With Feeling: Singles 1996-2004,1
Mutter,1
Hold On For Life,1
Sempiternal (Deluxe Edition),1
Back From The Edge,1
American Tragedy [Explicit Version],1
Out Of Time,1
On The Way To Wonderland,1
Smoke + Mirrors,1
Sub Pielea Mea [Single],1
Karma [Disc 2],1
Попроси У Облаков,1
Dash Berlin Top 15 - September 2011 (Including Classic Bonus Track),1
Demo - EP,1
Acoustified Hits Vol. 2,1
The Promise of a New Year EP,1
La Luna,1
The Contemporary Arranger,1
靈魂備忘錄 Vol. 2,1
Everything This Way,1
Lordly [Single],1
Time For Annihilation: On The Record a On The Road,1
I Don't Care,1
Life Starts Now,1
Like No One's Watching,1
Purple World (Explicit),1
Evergreen,1
ボキャパワーvol.1,1
7th Symphony,1
