artist,count
Linkin Park,8
Various Artists,6
30 Seconds To Mars,6
Bring Me The Horizon,5
Rihanna,4
CRISIS CORE -FINAL FANTASY VII - O.S.T,4
Ludovico Einaudi,4
Carter Burwell,3
Nickelback,3
I am waiting for you last summer,3
Max Richter,3
Ólafur Arnalds,3
Three Days Grace,3
James Arthur,3
Example,2
Tykwer Klimek a Heil,2
ATB,2
Markus Schulz,2
Lil Wayne,2
Marilyn Manson,2
Stereophonics,2
Dash Berlin,2
The Exies,2
Ilya Beshevli,2
Jasmine Thompson,2
The Neighbourhood,2
The Glitch Mob,2
Ed Sheeran,2
Swedish House Mafia,2
Thousand Foot Krutch,2
Breaking Benjamin,2
Gamma Ray,1
Armin Van Buuren Feat. Christian Burns,1
Mary Chapin Carpenter,1
OneRepublic,1
Мика Ньютон,1
Silver,1
Sava Pascalidis,1
Fightin' Texas Aggie Band,1
Hana Pestle,1
Лена Кауfман,1
Наталья Тащиян и Антон Иванов,1
PACHA SUMMER 2010 (CD2),1
Kelly Holiday,1
The Downtown Fiction,1
Виа Гра,1
Ryan Star,1
DJ Paul,1
Daft Punk,1
Marcelo Zabros,1
Bahh Tee,1
Morandi,1
Backstreet Boys,1
Evanescence,1
Keri Hilson,1
Austrian Death Machine,1
Alexis Jordan,1
Damien Rice,1
Semisonic,1
Tom Novy Feat. Lima,1
T-Killah Feat. Лоя,1
Steve Jablonsky,1
Nelly,1
Craig Armstrong,1
Nicki Minaj,1
Manu Chao,1
Ministry Of Sound,1
Robert Miles,1
Craig David,1
Clint Mansell,1
The Rasmus,1
Shiro Sagisu Music,1
Steve Aoki,1
Savage Garden,1
David Arnold a Michael Price,1
Kevin Rudolf,1
Joel a Luke,1
The Wanted,1
Shinedown,1
Deepside Deejays,1
Calvin Harris Feat. Example,1
Tinie Tempah,1
Swedish House Mafia Feat. John Martin,1
Godsmack,1
Chevelle,1
Reamonn,1
Sirenia,1
Hinder,1
Natalia Kills,1
Ashram,1
My Darkest Days,1
Lindsay Lohan,1
2 Chainz a Wiz Khalifa,1
Ellie Goulding,1
Kanye West,1
T.I.,1
Staind,1
Jon Bon Jovi,1
Kay One,1
New State Music,1
The Teen Agers,1
I Muvrini,1
Jaymes Young,1
Yann Tiersen,1
Ashes Remain,1
Red Hot Chili Peppers,1
John Ottman,1
Maxi Dance Sensation 21,1
Adriano Celentano,1
Chris Isaak,1
Michael Bolton,1
Fall Out Boy,1
Gavin DeGraw,1
Jeremih,1
John Murphy,1
Koven.,1
Lifehouse,1
Worakls,1
The Calling,1
Charlene Soraia,1
Hillsong,1
Midnight Hour,1
Limp Bizkit,1
Milky Chance,1
Dido,1
John Legend,1
Myrkur,1
Our Last Night,1
Armin Van Buuren,1
Lorde,1
The Moody Blues,1
Within Temptation,1
Avril Lavigne,1
Aquilo,1
大黒摩季,1
Andrew Belle,1
Mike Candys,1
Cousin Marnie,1
David Nevue,1
Lana Del Rey,1
The Subways,1
Blue October,1
Naughty Boy,1
RAIGN,1
Emika,1
Die Happy,1
Kutless,1
Tom Holkenborg AKA Junkie XL,1
Yankee Grey,1
Океан Ельзи,1
IAMX,1
James Taylor,1
Hi Power Soldiers,1
Jonah,1
The xx,1
Aaron Rosand,1
Aaron Schweinberg,1
M83,1
The Faint,1
Claire Guerreso a Deepend,1
Various Artisists,1
Halsey,1
Diana Vickers,1
Jean-Pierre Taïeb,1
Major Lazer,1
Archive,1
Hurts,1
Dikta,1
Black Elk,1
Loverush UK! Feat. Bryan Adams,1
Kygo,1
Jaco,1
Billy Talent,1
Fight The Fade,1
Meg Myers,1
Motörhead,1
Pink's Karaoke Band,1
EGOIST,1
Plazma,1
LP,1
Twenty One Pilots,1
Indaqo,1
Kaleo,1
2016 Billboard Masters,1
Азамат Пхешхов,1
Placebo,1
Rammstein,1
Arkansas Gospel Mass Choir,1
Hollywood Undead,1
R.E.M.,1
Sunrise Avenue,1
Imagine Dragons,1
Carla's Dreams,1
Delerium,1
Полина Гагарина,1
Dash Berlin Feat. Emma Hewitt,1
Ghostdance,1
Acoustic Hits,1
Amnesia Beach,1
Sarah Brightman,1
Don Sebesky,1
Cris Angel 陳奕文,1
Walking On Cars,1
Feder Feat. Alex Aiono,1
Papa Roach,1
Apocalyptica Feat. Adam Gontier,1
Molly Sandén,1
Big Moe,1
Broods,1
横田力,1
Apocalyptica,1
