id,artist,title,duration,date,url,lyrics_id,genre_id
456239140,Apocalyptica,Sacra,264,1477296988,https://psv4.vk.me/c5014/u3235613/audios/17c6a5c91ba6.mp3?extra=KVOXY_7N1zxr9AvSJ5cuSXlHiDpO2etrzJ8qFub4yEhWuvWvq4vQVVeFrdqjnf-BitQpUFsAAzEjOGxDLmUmk8DBEickKqDWzJeHkKDeh2dPohPn3IGFePxVLssMLxlCE22HtaQjpeER,0,18
456239138,30 Seconds to Mars,End of All Days,272,1477089261,https://cs7-3v4.vk-cdn.net/p9/bba022330c4736.mp3?extra=92Hu3CARYjZsRKH0bvE-UrVZ02PCeCZ8mKqqqtgtAxnpVPTfGL26aeVB7G7_KavcpT8ZSZZxMtBv8IAzeEb1FGX9MDwrrW8ruPeYwF2w7AlOf0M0CkOPz9syg7TjAsYYyl0y8N9e0Ibj,0,1
456239135,Too Close To Touch,Crooked Smile (Post-Hardcore.COM),216,1476981375,https://cs7-2v4.vk-cdn.net/p1/3540f859b1b38a.mp3?extra=Wn82vrWkWaQXKt8YUTyNCj_chgmEDOKk_Faq6wPGMIrM5pYArKm09sr74oSFJgtlq-131CurfqipHKA1uPSubnYlYNoRlnRVRDwLwRPqVuIQ3JnqyZa8c6eJpguDXZSCvzDqF784sjF-,0,0
456239137,Broods,Everytime,221,1477064413,https://cs7-3v4.vk-cdn.net/p11/ad75b7737c2ef5.mp3?extra=M_b7oh9SR5oHzRGX5KkRH8c8xcoHiRP70yo8Sg5bXkuCvlGmEPmR5JYuvp10-crQIe73mYf0asW_EYX8jscssOMnJGb2P7wkol6jAmusgqAXg9_VeOaNnlMdqYlkyiJys0m8jAxGg4JP,0,21
456239132,James Arthur,Recovery,277,1476387052,https://cs7-4v4.vk-cdn.net/p15/701a539907883d.mp3?extra=abIIbzQpIIMlb_8k_b8zAInsbSYliRRgurqYmGsIbs4egi2t5wB8te_SEYk4crkhPCudRi_N8c4_26WNSnRJsYdeVxwKIFgn79w4s3VSZruXEjAKLE1rZkSPAAEE2Z1pgcACNkZm275v,126613402,2
456239134,Audrey Gallagher,Big Sky (Swanky Project Deep Remix) ,258,1476391457,https://cs7-3v4.vk-cdn.net/p20/50200a3e19dcd7.mp3?extra=bvbrXedt0YUtdviZls_2qJ46IDmEobxGn4YQQv0mg1j3gUQl89AtMKd3s9HuowBRFMVknoirDuWEYiO2wji96iGosJ4Yo5jF9JqEfwzNmzE5slTy03uRq2o91xzPK09lOMsxe9Kwc_Wm,353395332,18
456239133,Molly Sandén,Phoenix,198,1476390105,https://cs7-3v4.vk-cdn.net/p11/722e968216e60b.mp3?extra=ha0_MKNDIgUtCEoIMXzBi5ciF_2l_MZHgK3L2ui1XRk_p2KzNZNpt0ci7uSqFGyvhcguXxW0POBVHsKy-CdcSc-mQEdoHbu7zueVMLKlVm7KdOEYwVBL6u3i3iMUV04uDrtl63ce9Jb9,0,2
456239130,Three Days Grace,Someone Who Cares,292,1476207743,https://cs7-1v4.vk-cdn.net/p8/38f9d0849ecbaf.mp3?extra=PWSh-zWS_dasiLAzKFf4ufM9dLEkSKn8iAtU_yALvq-sADHUbrFticrhYEphB7oJboydGX2pFupHDwoApXV-alfF58Fvh0WXDO6_3fzwWvYYalB4_cH7E9WX1E6lld0fHXh-76SCPo5Y,2437584,18
456239131,Apocaliptica feat. Adam Gontier,I dont care,238,1476208585,https://cs7-1v4.vk-cdn.net/p10/99c16540dee2aa.mp3?extra=-B_xpRtva1LoZeo5OK84zobxatl2YdQY9L8BSyWRmbJNdbQUz4D4SceVVBC9bVvnM0sI0XLp98J-yLSuctahywDAsPEpBQfS2i4jtdxqiMKNlM0l0Hpor3JLLoMlA_hhULtA99hkcPvC,0,0
456239129,Papa Roach,Between Angels and lnsects,234,1476126315,https://cs7-2v4.vk-cdn.net/p9/63e71a993cfa99.mp3?extra=OWzHHfsEBmIiT8GoxKLjLU-0oZL46bGJWe1fQNHdhbnuyWuS6AX3TaDns84o_llOBSkMsqZfpQEedpBnWZurJXTbU-yOg-KVMdVqDNsJCOEN2VpKAZ9SsDbsGw6nXwuBOvlxnTpDJKkm,270474318,18
456239128,Feder feat. Alex Aiono,Lordly,196,1475966006,https://cs7-5v4.vk-cdn.net/p1/6beb00912ebdcd.mp3?extra=JBemZyPMm85zoi9ZLycSuzixdD6__9M_RYRK5MJaKcqe2FezX_FtzB4IKQ51yBznl9NmRoWhYJKYTfag0KIkwq9USacDCrINayKu-slcaRSw7YycgojYT3Fjh39Mlinn9bWAQyw59C2A,356803132,5
456239127,Walking On Cars,Speeding Cars,242,1475964668,https://cs7-2v4.vk-cdn.net/p5/272b572523189c.mp3?extra=qPL0CfxFzznRGCmyHakrr_65It6G8hNUbtB2N3bdUMHpmiw60NnxsRyAS2bHlNxx3l5SIdnhE4_ZRXfudkFhscoaVoUzpgt4Fg_6A9MIZYG3BEQVVUutuUDA_5xbg8e3Wbu69CUdE9TU,309334385,18
456239125,Criss Angel feat. Celldweller,Mindfreak (OST Prince of Persia),227,1475683667,https://cs7-4v4.vk-cdn.net/p4/c75d2a1731023f.mp3?extra=SzXPKyG4d8d_3FpniOjKNeXSIKcSgODWEDVmdajx4lDYAJqYSy9K1RKGGcNRAzin-PfeMBIQQJ8C-cvVRh1CmitiotpO2u7rtT-c-w7eraImxFS16_HQZ-AYGu_Zq52FJLvyUoILcnRx,301069594,0
456239123,Delerium,Blue Fires (Feat. Mimi Page),385,1475605108,https://cs7-1v4.vk-cdn.net/p23/8cb7ce6616d365.mp3?extra=kzhWzV0RNkLaO8IbGm-JftDJ3sIrcIqasvzSAVPEEFSJzpOVyikwjZgR3R4kb928I8pEjXxPBa1wwoUmYyNSTaJ9DBtqk6YWMUAzIiLmcN_lglRn4oq0zbgCDtxB9Ozj9BAwWxTrrJpc,355820884,18
456239119,Daniela Andrade,Billie Jean (Michael Jackson Cover) ,259,1475060692,https://cs7-5v4.vk-cdn.net/p10/bfeb2db1b8a32e.mp3?extra=jBJs7Vi53DE_Knp5C3ndMEc84Wh91syTXeDq1vbPDW6mjyxFTxiAn3-PqcxTnPK5yRTqJ2D6BVst-EQT69GIZMq9tx2knsnzHvhKhlKVTiWrdZ4a13wz9cF1hvq_fVx5gsK7Dwn9iJl_,0,18
456239121,Boyce Avenue,Just the Way You Are (Bruno Mars Cover),236,1475130433,https://cs7-4v4.vk-cdn.net/p7/bf50cbaf8d1900.mp3?extra=ufDjfxREsAmjPDNlKGxgmnVT8lKYhpjT2dNw6FH2lpSXidW7ZCIzmqmFwcQ1RwURRFaqeKReIDBQ3hdFazsdoQsl1nPoTNUolZd38TYh8NODGZ3sZ1hDHJ6t6f048h25VbmE3u8QxzJj,11011011,18
456239120,Boyce Avenue,Lights (Ellie Goulding acoustic cover),235,1475095804,https://cs7-5v4.vk-cdn.net/p11/ffb74556d71329.mp3?extra=2J4iYyLyPq4YPx9lRYqmOGs58Mn_IjEo-B-r5Opi_kbQPW4GemuCNR4h2F43tpYoB8aasttPWWXCGGRXQowsAAprklffNZbq3xz0YgaRSh7w-0v4Uf6Kqemoq6MWhr5cV_zMspfrIzyB,354652215,18
456239118,Glasslands,Soul Without a Home,246,1474915242,https://cs7-1v4.vk-cdn.net/p16/3ea4bcecafa9ed.mp3?extra=OYlZCn7IvXYHqWE-JDBHrwOF1rGuO2tI2kYyQ6jMLQ-6DfABMWjIQ3BWNRn0ak2bTZoJp02JfP_FOIiAnuMop2hkA7GnWyTdXk4bRuwy9NUkWa5TVNSKTsih2chFmXrZPy7i-9uSwcY1,0,0
456239117,Dash Berlin feat. Emma Hewitt ,Waiting (Acoustic Version),219,1474759275,https://cs7-5v4.vk-cdn.net/p9/828515f648716e.mp3?extra=-C_Okn8XZLXG8HWt6XpWnhd3hM1jEnZazC5iE9zVmruorLpaG2kIo5zrD5LMbdg3PgL2FHVwwcX5obGYXKfW-2tQoN7-H3p6O4xkOw4VF9QBlDiCv4ah1crLoPforEmW_QJdkKPYvbiX,2976464,18
456239116,Полина Гагарина,Кукушка (В. Цой),232,1474754323,https://cs7-4v4.vk-cdn.net/p22/c92302d7de3e93.mp3?extra=-ouyVVUNDE1QaPeiA14wwFJERFL6sAuC6-s8T3DlY0O_QoDEgJeFpB5VBRPNvo8n89SQlNcqRA_WDn2-g_FTrIp20EfOpS3vkS2Vep0R34MQUNDkDexQoj3HzwyeTJvx4xgXK_yRXWs1,354609223,18
456239113,Delerium,Silence (feat Sarah McLachlan Acoustic mix),299,1474752297,https://cs7-4v4.vk-cdn.net/p9/b929d19aa0a7d2.mp3?extra=VuFj7Qko5QbZ8FYfsnPJu7Jbt61dANfNR-7kuoqUtR3xVY9KlEFx7w0No8bFym0FYOUZXPVgzAZMWo7hjcayIZWJpsT8WngK1xuDiwZD1MJryrYSR73d3iqEkzhyt3clvbmxYUiLjEG0,0,18
456239111,Carlas Dreams ,- Sub Pielea Mea Eroina (Midi Culture Remix 2016),308,1474718621,https://cs7-1v4.vk-cdn.net/p21/ac5d7f7c805d8d.mp3?extra=tkx0dXDGwl3mbuVVCj02xLTHx5sCTe-Q5U9056A3FT2y2tgS8pi6zg4Yim6kZUbp9afqKJa_MQqFNohgLdrj-V1DiZbn8mX3tpNVcKxtriFRxkmhmgSq5D8drM8UQZ8U__XAiejAItFW,0,18
456239109,Imagine Dragons,Dream,258,1474405869,https://cs7-4v4.vk-cdn.net/p9/8e1e4e8c7156c6.mp3?extra=fMUwQOJpHbYY8lr4XrEx4g5D3WDbaVCk4NnXcQVaAJyXX34A8li9UgoSTZ6nht2w99Ox4Sb5QGVHmGjK9TtlTF6_VO6uDykMvmp3zFnuCnV_tczYTTEcdCVtO-gOWNTSHZ0pkQasCHlu,231842600,1
456239108,Sunrise Avenue,Fairytale Gone Bad (Acoustic Version),223,1474205040,https://cs7-4v4.vk-cdn.net/p20/9b87760bffae03.mp3?extra=4443nS7qj8IvWRhz7Nmys2Gt2FAXg6qreFjkKLit3W08XtbUrkYHzat3sOwIoVrjD5SIaHjnzhogDkZSv8kUKKCd_z3FSD0mwUUNX0hMF4NbYzMeSsI_4OuX2cEiQOnaV02u_P0ADe01,7678396,18
456239106,R.E.M. ,Losing My Religion (Lutzu Istrate Remix),227,1474050884,https://cs7-1v4.vk-cdn.net/p10/6ded529d53b093.mp3?extra=hv4jnKI8FttUSRXl64OfQ1FkJoV6uMKn5w0Fw5CNy7qCf0n6U7a7aNX-7jqy_ESDNcWD72ubO8OglH4rZGfRz4FVzJQTRe23rys-vKlJ6y2IfcaGHvsfAgSv9v-r22XlVnuNQlFh5urf,0,1001
456239105,Hollywood Undead,Levitate,203,1473315627,https://cs7-5v4.vk-cdn.net/p18/dc852bd09c773c.mp3?extra=o35TU7SpOp7shfWOje0jxPQOSvdf60-mpT8_IGLgoAe4cWIvUAuUbQ8UIAXHBijOMZNWSdgfkauPpX95xsdJXRLC1bgnxBj8ZT5Nq--cY3_rlvcFR1EOD88521uYbkaBELGsFto0cuEN,10153389,18
456239112,James Arthur,Say You Won't Let Go,211,1474744845,https://cs7-1v4.vk-cdn.net/p6/14231bbc7abd5c.mp3?extra=-v4Lj_EPgZ7wLnVYP_jEVaVMo_LUIkFOcuat85NxYv4WUXidKOahv9l_ntYzxVbccxOoXf8zTJNhr4l-0neEFf4OBs_pFpnwnuE4QTU2VaroX12P7Io3cuVJjf2no7i_TOEfyP1qO4Lp,351995579,2
456239104,Breaking Benjamin,Give Me a Sign,257,1473152843,https://cs7-5v4.vk-cdn.net/p19/4e98d58becca60.mp3?extra=tgLWQR2tsw2ip0LiB5yHK0ZgAw1pz4RwD2yHXlJ-Z3iYU5G8EkmYH9D28gexL0CaCNYwLMEtyHuNV9mfYosrdMgcEfYtkiI3OJg3KN8VjUdy9JzH0rrcCmfxVqOJvDSULu0MLwRyrMw4,2893667,1
456239103,Bring Me The Horizon ,Deathbeds (live),1699,1473105650,https://psv4.vk.me/c6162/u157953738/audios/dce1d995b4cb.mp3?extra=pQ_RrqCqH-Qtl57GHwE0cwV903XLTEpZmDk5cxbzhGhf9acAqy4SRXPjA4i4v1EWwRkAofVcSpLMNJYtXlzTuWCrBscYjso0V_9SVHl4X65OBLEzkoGezABEkSYwxjJq8e80xIutZHUl,0,0
456239101,Sam Tinnesz,Hold On For Your Life,226,1473027462,https://cs7-4v4.vk-cdn.net/p22/38168cffd11b7d.mp3?extra=_D4o9XVV7nBuiUPTbBpFwRYQ1b0eeRZbFydIsWFUDJIUwoh56K2RpNcIZXahKg13Z9xGnMsBFCsCtoMHIHIVm1ISPdtRyQyjQUJNXxRomGBWK4OSMjBY8ZmDjZnqEB903sGReTR-VgZx,0,18
456239100,Rammstein,Sonne (Violin Cover),272,1473020776,https://cs7-3v4.vk-cdn.net/p6/cb773e999e92eb.mp3?extra=4-RxN7zrXU41ZwCBNzx3WYbHpNh8BLzCp-oqI3-LmFKnBR1NuHm4csObnBOI1TLFS4_uTw-XBCLxn0Vg2ccOPcrn_MwG5RCIrVVMvhjYpBfhVtUg6mzEYaYFzittqWAQVesRn9G6udNs,69384371,18
456239097,Placebo,Protege Moi,194,1472471700,https://cs7-1v4.vk-cdn.net/p14/2214cb71206b83.mp3?extra=Vf1PfMTHFNG4q0ITXINgFoMuJHAw_PF3aFJ42n8iuuhHgVoV3hp6W08On-MPmz7oKXvug10YO3ztR7hsvaBUjLqoVfzGlTynYSlpehcmFSnuEOM_Sbc6sRiM0pgpQyJ8QiVhKOCPUQN1,11554745,21
456239095,Thousand Foot Krutch,Be Somebody,210,1472042551,https://cs7-4v4.vk-cdn.net/p2/75e54462b1abf3.mp3?extra=cUH4R5z6AHBSs1yiA-VRaiQX8yhogfkzErfWhevkU0z-uqo2ahuLYTimyBK1UBERBmv29be64vVRVEPazAqrejMX3JwGErrIb-2YbqMylxfeMkUw_ia5_ZgqcdKHqjRHCu_3qIdJ7fBl,22551168,1
456239110,Азамат Мусагалиев,Хули ты ноешь?,182,1474482174,https://cs7-3v4.vk-cdn.net/p15/f3e1c811dcea29.mp3?extra=pYKto8E21hpQ7AaRDUsNGBSxorL1nC04zmAD1atVSaQhZf-fYG972EFvoyo7jCO4gJRMs9gvETHNlh2y-PWxxheekHERFP0Em1Lvsyvap10cX7aJKjZl2NZAwDy420OHHhZSz3Kn8Fs7,353984477,18
456239089,Ólafur Arnalds,Öldurót (Feat. SinfoniaNord Atli Örvarsson),274,1471273990,https://cs7-2v4.vk-cdn.net/p1/cf49eb32afcd7b.mp3?extra=qF8KWddQgGuGmcBYUMXDss8CrOCln2ePMTLgkjC7NkFhisA70yehqIyjmkVUq0vhiv0b9zde21RqDrXMAIghMNuP60RjmPHY_nFNh8fh-E5Kmu1JN7PY830PDzTDfuWUgrxRpqZDmuzt,347726453,18
456239087,Олимпиада 2016 (треки в тему) ,Katy Perry - Rise ,197,1470913475,https://cs7-3v4.vk-cdn.net/p6/76a3e3f87fd9a2.mp3?extra=gZsOAMineru9ZGLkmQR-jzT4PyC5k-jxaLDkkohcn1H3TPfn6MieVWcv5SeHT-BFxu7EWcoCpLwCBxP_iia9y0jkBXWcVOTyED6MUoBqfhXrdOm7A1Fqeju9p2gNgHl9O3x3Kb4mgskM,343601232,2
456239093,Kaleo,Way Down We Go,219,1471953046,https://cs7-5v4.vk-cdn.net/p5/9b6b379f714d79.mp3?extra=zLj1loUoeZjRDJRM1ePwtLj_pnEogJ-dSxwc_uEGeqwKtA-6YBxITc05_Ej4BRYjejbqAOcaUQ72A88IIzTUKz33gF2cWu04hK3uDR84xupiW0pKx-SlC05fqv24enVh-i7-J97g_RKH,274586213,21
456239085,Indaqo,Boom Boom Boom ,276,1470845779,https://cs7-2v4.vk-cdn.net/p17/d02e25e34e1b5c.mp3?extra=OmL3LXQnVSToKmXbTXYfFiP9Btiak3sbKTX5BwTRCQaPs57aYn2gZGt78gknu4bLdCofr65bov11VGE4vYD5i9xEFppmbnWp5rzuBN2DvWHEgdtXYVrXyaXC3soZ4Y5y-1qu-wW26Cjd,0,5
456239084,Twenty One Pilots,Heathens,195,1470845178,https://cs7-1v4.vk-cdn.net/p2/7ac47fdce79e9e.mp3?extra=0iZgNOyNAhDApcdsj6pMQlP99DFykoYtxwFAmcGQTA2-R6plCGZ1O2rM3LPgrCGsdK7S0z9zZh_UYqJeVf7jtcs5iaRNmLHB7iV81ShhYJtlMsw9SoyaqjTWx9n7MjsAZgnfd511cyzi,0,18
456239082,LP,Lost On You,266,1470662719,https://cs7-4v4.vk-cdn.net/p9/778aa9826e2456.mp3?extra=6ZmWOEfeQ6MLNmMkygivMAiAbmHnfkH7LoRMXBAsq79yRh3AbGrt3DRzyXsPH9eXiLwThZ6OuMZygfUAoAOD1KN8qxWelnlE4wnDofuIt3dlIBuC_I24SNtWulVrchn8Abh9u27J6RZ4,0,18
456239081,Erik Hecht feat Those Usual Suspects a Dirty South,Walking Alone (Markk Instane Remix),236,1470657718,https://cs7-5v4.vk-cdn.net/p21/47a4736b67b017.mp3?extra=ZO9Nje1kSEpOJYkuNSumRoayFe0VXLifbLoAy53d53H3UJXcBTP2qdllIESI_zmGD-cv1AO7W2szW622hRft_LlzT6TGNX1JnzIRDJbhKxgdnoalc9GmN2CryeEH7RNVI2-GPDRB02V2,0,0
456239080,Three Days Grace,Give Me A Reason,243,1470642264,https://cs7-1v4.vk-cdn.net/p8/a71a10b8a72d37.mp3?extra=rigqUeFuopUHyBV5VMXuSzQ23V4r4ohJ3Wg4ioX0JKDDq_rZmXmTZ6D6ntctp4Yb90b_FjasyO4anl0WaJ8aTHKpalPE6f4JAIH7NZtp6FSgow_AIZg7HjmjonCzZ52j78yS8LmF5fjD,37268703,1
456239079,Sebastian Ingrosso a Tommy Trash,Reload (Europa Plus),215,1470241378,https://cs7-4v4.vk-cdn.net/p21/85353309d7b546.mp3?extra=Ox117elc7NEWu_IgrsFuX1PNPAosQxbjaI9lp6rka6i_tp0hJB8k2wdgchOXQghk9ggvnZ4TEOLScAyNk4cuOO5UAPT9hVeSt1jZ7-9NgoQ3SRhJRpCTHpyrnAQLeuDPbBcT3m5yl5yS,0,2
456239076,Aelyn,Your love (Trance on di.fm),245,1470174436,https://cs7-5v4.vk-cdn.net/p8/130b001484065e.mp3?extra=quThSwVPgAgKI2N-dL1knylxkaGkBnXIET392FDnqCOXHYjcu_M1CHBhZVPeDUIZEtyTA0xJefWhZy3GHv7Es9CKZ2hG_51X3QvqsdVBWRXMJ0r3rXTSX7IkmrPGUcvzbtPyS_yS38yB,0,11
456239074,Bring Me The Horizon,Hospital For Souls,404,1469920557,https://cs7-4v4.vk-cdn.net/p8/4f902d74bcc6fd.mp3?extra=fTF7HQaLPz8u-h5pTXDSuzVWFO0WqAvrrIGmx_CW3zeGQkObqrFtKf0FfovXpSQsjZbHnX8iVeqngbk2m1OQo0wQRB78LqH7XyxHEqwC0jgbMF9MDfRaCs9LiOeYLx92cO35edSqH0Qa,68711276,0
456239075,Ed Sheeran,Photograph,259,1470045158,https://cs7-5v4.vk-cdn.net/p8/8151ae55906bcd.mp3?extra=3xVMf25cpscFu8x7xw7jFy8rM8z80D2b7Zr6LYabGTxTFV3MxjM71GFwhZE_2G6m3MqcCcVZe395bDDEIAm7ToN5yI7Sh7kTojjVcaiiyyulMfDaTe9Yjdak9-dpu8TSQSW8hHGSgeck,180618635,2
456239073,EGOIST,Euterpe [Guilty Crown OST],228,1469732784,https://cs7-4v4.vk-cdn.net/p3/8e34b633f5f730.mp3?extra=tVv1h5o7cIpkCVy9eyo0Wy07Skf9C0NzO3d-Bh5nPC1HALs3Sfbb9iDWzogRoW710eEeNcasx6zuxzi-1MXMLSx6fv3P6k5r9aaNeZ5gh4-W7-RlxWhfgHVtMODdA0HbL04inslipEm6,82905110,18
456239072,The Glitch Mob ft. Swan,Between Two Points,333,1469697206,https://cs7-3v4.vk-cdn.net/p24/2ef481f8f6dbc4.mp3?extra=EaMhTGwXPK-OsI--WEkPx8LK6qdnrKahoc0RFG2I-AoaPN2MhQrV8I1NQ8ggIjPPKbb14lihVtmPNl81NqeRgqQg4vklRNhlGQtdQH60I0LS2efiNxGyWlcxbcpJveOQ-M0ZETvXjDaz,7997149,22
456239071,The Glitch Mob,Bad Wings,398,1469687138,https://cs7-4v4.vk-cdn.net/p8/850fe7fb061b71.mp3?extra=oN2v0TT6KemJooMQdm3Gx7cJQr8nttMz9Un9xYvYnsykvJk-5z5gmoEwhkHRzohVU2XruNSej89MCRCRU9hGg3EFBUkxLVASQim7h12qhzzlaRyjfmHunEGsjkueWqYJAH5KKJM7bS42,6548937,18
456239070,The Neighbourhood,A Little Death,208,1469602913,https://cs7-3v4.vk-cdn.net/p14/e571f4a4e586f6.mp3?extra=bUqFfjdsqUcwNzJ5DfzAfNRNQrsLoXjn1xPSqSTrCsa0bvHtTDUQA1ujrSM4fWRGHE5yg1_16Ii-NvNuPNh7DOcVF69kd49_EtsUMFpiX616waQgSyOgNu3DU_LLmPnAftJRj3KMWYZ6,0,0
456239069,Pink,Fuckin' Perfect,224,1469443590,https://cs7-1v4.vk-cdn.net/p15/944f0530b61f20.mp3?extra=FqqXcXIdJyRsMjmrA3InS78uZ12f92EJpIfKxa-0JwSzwYx-dA-zCMFMyVH-HvihdmSnv9WMWI8QAfVcFUWkgCpkUa2ibv82L0u3odVQaEyv1FeDLkZD4_kCP-H2YAFuka4y4wi5XjSA,0,18
456239067,Motorhead,God Was Never On Your Side,261,1469107620,https://cs7-4v4.vk-cdn.net/p24/78701768f9e4c8.mp3?extra=Wzo5ci7PF3gsDeW9kCW4IN-HsgrHhr98qH1faCX1-xLx-Y-QrY17C54BYNLTeNBO9hL4wq0kNprLijgGC1VdRVmk1S8nrXcEPTYuoq_GZV5YAhhV9xAKGFBc8rlrIcLRzwzJh1AEa1-W,4299566,18
456239063,Meg Myers,Desire,284,1468920392,https://cs7-4v4.vk-cdn.net/p9/d74c8b8159ffc4.mp3?extra=Kr_H6dQ7UZsmkJR0axa9AQu2O2_b8rkpb9UwYk8tZLfhiayJghkX038IXjm8xRTJlwEC9VJ9ZZ4jyYdqBBhge8P2vrJXTnGy5yVPJWVV0bkMIGr2mgdAXZa2BYIzxNSJPo8QROoIoIaV,117019028,1001
456239062,Fight The Fade ,Seasons,195,1468893670,https://cs7-3v4.vk-cdn.net/p3/455aede10af07e.mp3?extra=PNpD7hqxC9MdndoeTc8xgGKCtTauIGXQA5EDBFCn8qqgBd4hRIPEiw6RIfdMnM6cn35dpG4MgFFoAVunKx5gVx3RULem7FMWc-Usx1Wk8OMLA_f1aMkOVMaXxqq4RrHYRXkKpsoVStLc,0,18
456239061,Billy Talent,Surrender,246,1468866087,https://cs7-5v4.vk-cdn.net/p12/85e395d395a6e1.mp3?extra=qXkcYuYfKhllAfaJy0lqke0vPopfEntMLYjHV6b0xrsKK-dcqvohHDgK9jVCkgAPp4HXx8-XSMhocOaIWGxWWfnf8d6u-kt7xjVtcxAHxqv3FajEw_sY_Kfzn8L1d8-e2byt4NH7zTJ6,48201,1
456239059,Illenium,Fortress (feat. Joni Fatora),203,1468789794,https://cs7-2v4.vk-cdn.net/p23/09d884319a9f40.mp3?extra=8zsBskRF0UbN8kXQ8x6RiU9z4bpITJdafSMFW_t8yMmhNjnDK5hUKGbN0P3vgPErsByKdPtVkf_0j4Q7p_KCoMNNPqFWK9tEZ697HuvQoOWuEaCTEC-_GU5NPK_ba6l2EXsTZi4c_juw,310041238,22
456239058,Kygo,Raging (feat. Kodaline),218,1468789274,https://cs7-4v4.vk-cdn.net/p12/6c6859472db174.mp3?extra=p6F7SZZ0xi_eZS8CHMg2EVJJ8526dnIHI_eJ_dru9Rcy0FxgLHo4msDKjAkFs9AZ0J1CdxNTJQAOBsnsZj3dkHUOlYUy1E0SzoBbXD54ToFhb2u6ukSwcgvyjXjowY69VoDEckmiUOIr,0,18
456239056,Loverush UK! feat. Bryan Adams, Tonight In Babylon (Original Mix),295,1468500905,https://cs7-3v4.vk-cdn.net/p17/f3c0a7f3954809.mp3?extra=2lgz3Jez7ujImHQnUXdqE-t_zZMw9xm_MpQLwguu0wWejalj1V7Is0JPw_QANrjuP0emQLdSl0M5AB9AMJ0i1FZPCfuAK9qBxB93w3bMmQuXEa03D_Cini9Qc-855D8UUp8TQZ-z_qKE,21237469,18
456239055,Ludovico Einaudi ,– Walk (PhaelehUomi Remix),308,1468265660,https://cs7-1v4.vk-cdn.net/p15/31c270a3f6ebdd.mp3?extra=eXChEwwnmsk8kKHXkmUdjP0iwJjSpXDTWOt_K6Q9ABbmvvfmJZtjQ0xaD_iOO7V0oai54xr5OiyHM9EWk9ZmGzMYq-2FKCU5d73jrKxH154vON4yQwGzMZdTo0y70w7riFTCn8s_1aj_,0,1001
456239064,Black Elk,Aphotic Widow (RainyMood),315,1469023454,https://psv4.vk.me/c6149/u190257629/audios/bb12c73d009b.mp3?extra=uug0jNU8WIFTq8VMRDwaHoWrSe111I9ttvplUYiMw55ov1Y_XpFHyjHsaIIKWfij7iAOi93gh1UZLtkq7x9KsCckbYhljqUr6Er-1mIBJ0JHR1fgZd69Po5U1mfHEidY1Y20YdeTWH6O,0,18
456239054,Jasmine Thompson ft. GingerAle ,Chandelier  | Lion Bar |,196,1467583116,https://cs7-2v4.vk-cdn.net/p1/a75e6635e89a78.mp3?extra=CJCYnroEY-PAjsn1Xg0ES8nbd7xIR_y-8D1VA4JpGnOZ_pJRubfWOMGW33s5duRlc-UKh5QAjZAPHivN_DcoAs5GzxWeFhRUXOK8RCgUNDCR264YbhumyKTjfZvjVLMoQEsj1pZs15Zq,340552608,1001
456239053,Jasmine Thompson , Adore (Nik Ernst Rеміх),202,1467572301,https://cs7-1v4.vk-cdn.net/p1/97d94009242f5f.mp3?extra=n8ph7h6kwF_r1e_IO7o0v0_Wlq6mIEshcMqwKifWqHc58p2jZJjaqR7_rtjUW9OF_jT0lm07wANQtoqS_g1wXD25WFq_HCH958BtY-F_2ffQhUIwZTUvsDLRPo7-ofYLfmZJ_ezUIWHe,0,4
456239047,Dikta,Breaking The Waves,197,1467146167,https://cs7-2v4.vk-cdn.net/p6/f5f9b3aa6d436a.mp3?extra=4jva600Gh1e3sSbges53IBE9PMvlwBV6yTW2Cg2W4HFinK5ymVayXp6E-Jy3ulav-25Sw2-1ggsevGWhntUpGE6zwqX7b8xZIi6BaM1iaFTOTzfnlq5HtUBF9M6D6rsTUM-3FGomhJ0d,288767,21
456239045,Hurts,Nothing Will Be Bigger Than Us (Slava Slam Remix),249,1465234252,https://cs7-2v4.vk-cdn.net/p5/9067cecc5c175c.mp3?extra=ibbgrmMBjME7-gLl8JebD8dF9Hfhq9lECfzwd8LI6T6_VBs_svlzQT7qDJ8jmMorbG3fBIRdWlrv3WnirdNJ9GpD7kFFwmc7f27uFAp8W8OD6pRErSwi8J_DUjEKtd6m9-xOiORQvxGj,0,18
456239042,Archive,Bullets (personal responsibility),353,1464634080,https://psv4.vk.me/c521604/u153038/audios/c888a205d1d8.mp3?extra=JIyD0V5LdekePXEwPEJuI-ifUrosyRjk53-ztF31KSjB7Xz9IOidaxy0mUgzPTFgyEnSd--7AkNajsjH2Qk-cCTnPxaFpBOwdd3NjxjB1pYBT-c9FgyUo2N19HmLjyOXYdNsylaS03K6,0,3
456239043,Major Lazer,Be Together (Vanic Remix),261,1465003931,https://cs7-3v4.vk-cdn.net/p15/346aa1d5c4dda9.mp3?extra=Y9MaUO8Gbq0u5gPWC5yfIj5wU5rGo5jyYpkn5rFOfhjx1Feapq_ntTWZXjZjxDe3SqqCkzIylMlDthDl15jNm9-pmjrF3e1PTGiO5jpW7bVhPMgLDnWaj4wSkV2pLE3mG6okMGvNTIaT,265082165,18
456239040,Jean-Pierre Taïeb,Running After My Fate ,349,1464475410,https://cs7-4v4.vk-cdn.net/p20/b66cd9e9d36ae9.mp3?extra=hORumP_NdZplndVRcF4InJteP0BEkSK2SGNlJHkrHUS_4u3yYMnRiJMzLqnoyaokm6WUtiUnkAH0bnWAbJecVUYjk0EpugGepUmz5zVrnO3X-JyuSam758NKc6n5rBuce4T1qCkWZG35,172483470,21
456239039,Diana Vickers,The Boy Who Murdered Love,201,1463771658,https://cs7-2v4.vk-cdn.net/p17/5be62e7c9b3247.mp3?extra=ygCQq8DlWgJKSntY8EgFRamPNGMopN-jjnJfvVH_lPhz6RnKT9Jd66g_w1VpMw-oyJGXEC95594kSBwS-QDLzMdrngFhZR9DnlLkDxLHAvnW0-dwpc7Qb0T9SB1OoqsRRSCsHu_-T3mt,5949337,18
456239036,Halsey,Control,214,1463512622,https://cs7-3v4.vk-cdn.net/p12/c398822b82df68.mp3?extra=M-7hZmKyvUI54fe3B7wjWv2r-7_9XDoWKL681Ed6WTrxkyHsNGdBIwuBsaeZW2-no0cDXtWuE7mCYct8t2uxAA_r1xJ-9TXWGR1u9AddI7uHo35GalMV_yA8oai-jiquisejZgyUFEZc,0,21
456239038,Message To Bears,You Are A Memory,221,1463651333,https://cs7-4v4.vk-cdn.net/p7/a7c188a1c94b1e.mp3?extra=A5THlE9V52UM-I8Tz01tfafF34HtV3PqLWdAz0_ESHxlSgERPq1Ky6IVHNTesGRV0p1gTXYEGAmiVChBbMdBjVicaRNqSYTYP1v2VKRz_DeEBjkh44wukAWIHFKCaF1DneGviHA34wa8,130127715,1001
456239037,Max Richter,Path 5 (Delta),674,1463524682,https://cs7-4v4.vk-cdn.net/p21/ca750e4acc29f1.mp3?extra=-uy_MRUFut0bbuXA55aDdsD1a50tad8bAZHHhYLX1k_lK5-tEFKDa5FkvSc5dl8PklohtDFhgSyB5WWvUiyDpuYD0J5rKZLbiDMawcT0-4j5s9dJann5Znus9CDGAfnb0HubKqXJZNl2,277177032,18
456239034,Claire GUERRESO a DEEPEND,I'm Just A Skipping Stone,210,1463506865,https://cs7-5v4.vk-cdn.net/p7/07f81b32e5d7c4.mp3?extra=Jl6gamVgUB8bg_pTfFjNUHx2T2kqo8ySbhI-PJsYqFmolri7g3OgQm8ncEBlzXj4yxBPyRy5jZcJC7z_u9AEkL7kj_YHQGQt7b5KssHdh5-4pbUTqP4IA687MByNaWVLYW4Z2xmU608U,0,18
456239032,Aqualung a Lucy Schwartz , Cold,220,1463342960,https://cs7-5v4.vk-cdn.net/p7/f873f086a6be7d.mp3?extra=turwRjsXd66Yye2bZP1_dEivmojzz4MZT-83O4ZfJd-5p9i-fdOPNEhB3_8dktf3fmik4xiq3PJeqhWK98O-JLKv9UFj_2ub65zSRvYTBvq351yHkvjvap1V78JyEIfRiZ6x5wgSBJtC,20981828,18
456239031,Jamala (Джамала),1944,180,1463340663,"",0,18
456239024,Bring Me The Horizon,Run,222,1462063418,https://cs7-3v4.vk-cdn.net/p15/c43df7d43f7158.mp3?extra=_M02pO_HUlzjk0A4beakNEDeUwXeeHZRcetNBzysjdt6Xyi7QYiPv0d01RaNFoXzr0y7jlKXawOqnTVm3Ww7qhts_LGpKVQmsCptrmBlEDxEQOnEF_pznHXN-KCv0mtlFdOAXOtwTjcJ,0,7
456239023,M83,Oblivion,280,1462058394,https://cs7-2v4.vk-cdn.net/p14/fe3a0fc41b4d1f.mp3?extra=gWCDZb7i2I5BRH-lDqh6DG-k_IIFZy6mora7nqIFFIAtFiVoM56oTcpSEnfn2dI5OWZrgHXs__01UK3P4QzBtWFvlm4NZZ8JJRHK5ZrFTkfu1_xFGI-PVZhs3Sf30ltkbV3Wwkf4lyly,206164667,2
456239022,Aron Bergen,Revelation,105,1462056904,https://cs7-5v4.vk-cdn.net/p16/c02ac02cc0e4cf.mp3?extra=GuSspglbrz5NwNN8z7xSMkWlGnzfOx4D_2iep2qHq-k8bR8eM30t0X7FzHXZxEiK4G3X-RuBfTjHqZhe8gYDPxdnXzVgqtRd_V6t4aHkCIqT335pMlVkTAsfEuGwsb8WVyGO0edVqKfg,0,2
456239021,Aron Bergen,Siberia,189,1462055914,https://cs7-1v4.vk-cdn.net/p20/3872dbb9641828.mp3?extra=cUMxRNvIRrP3xYEkoEqP3zeV2FTZNOGyrDg_9R0ay4ovU_s7VnYIFjeNZ0DLotGPAncukGqTuS3t3-D6h_GsIYj62stYZ3oD0ei0Togi-nr5V-rNkfVNAKRh4k-x2jAzR4LEdLK7XYId,0,18
456239019,Ludovico Einaudi,Ora,477,1461968948,https://cs7-2v4.vk-cdn.net/p21/b01cf7c6d12f3f.mp3?extra=XofVevObH46uHTg78hJeAT-bs4ftPyL_nvN77OWisWJcuAmm7ziSvgPhIo9bG1e0eeyyvP3rQBo8N4IaIXOCl8NJn42IG5Q56pGQR9wqzZTe2iid5Cb_O1VkbXRvo3EXloJ0OihnqMl4,151286295,18
456239018,the xx vs ashraf M.,night time [remix] [sm],239,1458910385,https://cs7-2v4.vk-cdn.net/p8/dc7ddf4673594f.mp3?extra=zu0HobMARAQr2C0O1NqgFkzcFfc6r0WmawAfPIsI_zt-bb7mf1c2ZkUD5Bni31oNLm9OLHZpz9kTN1GrgOjDD1Jck893EeqJ0sXymUbEho8kb-ZfEoIffEZGSFt34ub5lMBo5lkSRq2y,305599288,18
430252819,Jonah,All We Are,250,1452819802,https://cs7-1v4.vk-cdn.net/p21/83000b317926c9.mp3?extra=4sGKITP6YxWb5CRt_CkwUx1pcwaG9cX4BaX-VaTWj-YkoQMSPfAOEWXFVxr_nyD46ChgAWmQ1KRu1FxGLeO9ZTUzPoVRwLh-qNc71AO2fHwQU4K3T-20YMmdP9ILYQmQ8M1HZt3_YBNY,0,1001
394427174,Bring Me The Horizon,Doomed,274,1441552906,https://cs7-2v4.vk-cdn.net/p12/cbb1db04f3e84d.mp3?extra=NRpDU1ellAIk1NWeA4rYJxBuCl_WaCxvp5AJLeGiVfjyC4IqqEQk7ODhApR-HA-wi0wZaYVUdBZSKujABsUmvPXBSBug1J-u2o9Gp6XM35eUlrTUOOjgSz_D5WXMKLMrnai1SiaHbTmg,276803168,7
397958363,Hi-Finesse,Zero Blindness (Drama),162,1442716774,https://cs7-4v4.vk-cdn.net/p21/307ee6c2039de9.mp3?extra=nbDDJupm47B9lbo1UNbkNYcO-AH3kX-SRyGIpjI2Spj1WwiskCAkG-3GX-fAflTkcFrb3BSL8m-gpX_ldCuQlhqXvpXMv1DpicyHG0CfYNUqeQnAEOlG_LqcPvSVtr39PGQ42nXYVMj1,0,18
395678567,Илья Бешевли,Ночной Лес (Live old piano),202,1441985064,https://cs7-4v4.vk-cdn.net/p20/5859eefd3dc61a.mp3?extra=nk0kJ4T7ZiICCmD0gYmxeKsvX525RFyFeFGdwxY9tVjr7JIWZ38gc8qBN1rJq4NZmLU0Y6782Iodw64igYxpeFGVdOTDApK5M0457cBzT_7IPA3uYdSxrAn7NrY9CJZZ6dRgE300xIy9,110197677,16
395676907,Ilya Beshevli,Cloud,281,1441984755,https://cs7-2v4.vk-cdn.net/p7/526ec0083500a4.mp3?extra=S7meg09RHNgaoOIE6-fpAZ9wuGoQBRwm2abvhk2oOvagB17H5bWi2FatJkqvBpFk1nio7rRRVuhLoXUt-ZwZNSZ4Zt9PEp6ZvI9yWqZMCf65Q8Fyw3Kst1cfG1fyQwwZ5HUFYq7G86wY,143928556,1001
395675588,Ilya Beshevli ,Wind,191,1441984502,https://cs7-4v4.vk-cdn.net/p10/21373ac22f7a70.mp3?extra=LrF0vrZwRdZO-ZiMRrpQa7UeJ4Odt2ihhz_bk-uvSfHP00PpOWqDCIe-s0TxFX0J_XVoTRfyd2oUfnjAB_L2hzzpFoH8Kh9FaPIVvvfFn1hZ3J4xVbJ1xWKOykFNFqC8cNic_kW_Q__L,155598160,16
394400551,Ludovico Einaudi,Samba,254,1441546719,https://cs7-1v4.vk-cdn.net/p22/789740d6ef8349.mp3?extra=2ZDlxlxZk4QEM85mkmu5REHH8GVS7cgDmvrAvvsCrkwQWGEEM7pnw9NZd7rgQmT87TfMqU1bKpY7Bj6mPHj0lb7gcWcb7G74g3z-jFg1pm0Bx74OmhZRf_EUJeDmA97m0alQI1aYQdUv,24934073,18
392000020,IAMX,S.H.E.,242,1440707359,https://cs7-4v4.vk-cdn.net/p20/87d8f5f8526734.mp3?extra=m-_-fPwmdmyy2LML7tCVonupHsEVixEYMBKeH0krQxq7d3qop2cin6EoHjo85kv-km-tIwjEt2Cii2ugvQmiruAFJJbMjap5kIn3UboYJX0XB36qaZYHoJkAl0H3K9EkT96ZidwlGlJ8,2841165,21
364962242,Океан Ельзи,Друг (повна версія),327,1431117486,"",5410647,18
366388826,Skylar Grey , I Know You,307,1431654841,https://cs7-1v4.vk-cdn.net/p22/0398107cb011de.mp3?extra=L2SDOu4RvnoiStvN3DBrBN26EuWK3CPT-V452DSJ-ajKZEuYMAA9v6VY1zbKTFi_Fcc3r-r27LaqElOtlfE2G9kP6ENWrXp7_Eg5_HaGsEiVgEHmg68wk3RemRyI_W46sz5WN07H6t_T,0,1001
351914166,James Arthur,Impossible,198,1426716510,https://cs7-1v4.vk-cdn.net/p13/43ce7bbcff1b08.mp3?extra=vnaDNl5hW-LsiUrAh-FP_QxwCWysAAqQU02015jdzT_SVNZJdhaPKSlQLw4jxuJAVmM6awCgcubVilBctndS0RMt85cxD_JtZhXFSqyXuu8uhMOUAwmFLw2dJKp0_hSbAOCGcDdh-MKi,96744221,18
367138318,Tom Holkenborg aka Junkie XL,Brothers In Arms (Extended Version) (Mad Max: Fury Road OST),352,1431904535,https://cs7-3v4.vk-cdn.net/p4/1d98624f483237.mp3?extra=eK9pt1YzorkO4NZC4RSCw1b-IQVXLlXujn6CQzT1iD-vhaoiTB1un89cNr97mppo-O2T8_iUMHJLx8SfNpah29IVzj5lN1T6XyP0U3lqpizjLY2bQTQu7Ac0GrNZhISMODVr9ld4L9s6,0,2
366390491,Ed Sheeran,I'm A Mess,244,1431658275,https://cs7-4v4.vk-cdn.net/p3/649d2723bce5c7.mp3?extra=X6JFqPbNJw_oQnpzHlWB_UO2U2urBaKVAFuvgCPbWN5o1CP_EQT6kv83CT3sbB34dRvKH4mM2IhqghI8-R3RewIN3yqZ4CuU4QxluUGt6sq71osT3coEZ3hDHH0G6XSpEUXwTi4VPg5D,180618506,2
366146358,Kutless,Winds Of Change,260,1431556395,https://cs7-3v4.vk-cdn.net/p19/ff6113b021101d.mp3?extra=KYLFGBtjGfEGS_nAjTlLzfaq8hORmtcao5a3ZILL2SMsObrg12tn17orhhD_axVrz7cgBIQAIhWcw_LfkQivMsylNG_EGD9yQ-eAXYRRSQ2Yk7myMgxEMB3hJdLljcbg83pIfM9sl71w,4865063,18
364720318,Die Happy,Survivor,245,1431032244,https://cs7-4v4.vk-cdn.net/p22/3260bc486b313f.mp3?extra=CFZcAsiDXI8FRWNAzapqwc3UtS_JPrIwbQ-2_RN3ECc-c-6aSpsSrcWmt3Zo4jS5EUtNJsQoHAnjgwC8pLntFno5SiircxH-xAfKas-jSihjn9jRPTuwkS96EWvXG7UiOa4dzMmKGy0k,6504857,1
365442874,The Neighbourhood,Sweater Weather,240,1431301795,https://cs7-5v4.vk-cdn.net/p18/6e29bb15106d30.mp3?extra=NzTOl_XjKvxKccnObWVJDWKH-wqaVdi3pn2tIKnKFPUVi7NH4O3zFyjPWcPoTE5lDDhqVOem0ILQYq46DJYvN0vVt35P2XLFvb92hnwJ6d1aFl0NASNbEg30u_vZZ8q3XbgrElOH5EKN,23997499,18
364664833,The Exies,Stray,204,1431020412,https://cs7-5v4.vk-cdn.net/p7/386ddb6c9c6526.mp3?extra=xmbMFyQkSwo5IAstE6ZVEzDs9J4966NlzLC05Cyg68PEp44hFflz87C0urP4bqivhXgJIOxWrKCYO4T_2Pm4hMRzobtbxrX7bFC0zMmUSO1c0pgtgHMq4wQf0YQEhWMkz2H955BkvJb3,5123590,18
355455352,Ludovico Einaudi,Experience,315,1427825723,https://cs7-2v4.vk-cdn.net/p13/7c2dff102f90fe.mp3?extra=HT5CtGMyajwqg6pirG8dfUDdfoMV-53XgasUTvtChVoTrD7Lwkj6IEdcpbbw50tEUGr9minYkFmlAGxJ6tFSf7IN6E1eI4elphw4L1WrDoHeDy1NyQwan4sNf0kNNWXl4_suDuOTc-T-,60981864,18
364251809,Emika ,What's The Cure,255,1430868741,https://cs7-1v4.vk-cdn.net/p13/5178669f7106f9.mp3?extra=sbvx7jtIJYDvHmc3tztdqpp4h0xYPf4nSy_vlqaZ4G50nSpk0A5flMl0yH25X4aO_p_2oDeqLxNXvxvbZCpERI0mg4A0jzyxZ3uVL14dcnUvru6SbL654csn1yJX0UU8TJ8MNWpqUn85,249150053,1001
363941215, ATB ft. Dash Berlin ,Man of the run,279,1430759960,https://cs7-1v4.vk-cdn.net/p4/8634e6e324e520.mp3?extra=S7XjIBNAECDuTajCQAYSMc0ViRlkqfOG-yGVz7z6rrszW8r-IzcmcOZ3LXRAq3zw8zVxJazXezwNZyesmbCjAgATV6p82nP-Qgv1vjcQf7HPT7ZhvrI_OWHEvmTemF23K6Z1yHEbCAR6,6821993,18
363258945,RAIGN,Empire Of Our Own ,221,1430523993,https://cs7-5v4.vk-cdn.net/p9/e15436c57c2e22.mp3?extra=xNSEyZZhMm6Sh4nzzw5bYUOBLBcu8zP00dZoJftRV7QvGeKniDwHY9lPhcvMuVT1esIcXfpS88kSzt9PxyRMRER4oNMvY1v1SvMHtbo5VjKAu-CXB1Ne4K85CgXno6fYbFKRWEAZWbfp,0,1001
362727945,Naughty Boy , No One's Here To Sleep (feat. Bastille),272,1430331703,https://cs7-4v4.vk-cdn.net/p21/2ebf023a59cfdf.mp3?extra=jFxE0p5hAVmA96hny49ZlENkLyXRuEC0Gb40Fr_0TBJ0d_hDpl8IhcqWeirkkXKYfR4lFpSz8rNMOSsCm0ARv02AF4jQ4k_LlvlUcttAV-aArZd-a3ha-tMEdSzw3Sp4xLP9kC5TN5Wi,111913446,22
361644804,Blue October,Say It,215,1429959850,"",3250139,18
361629746,Max Richter,Autumn Music 1,234,1429955774,https://cs7-4v4.vk-cdn.net/p8/7a4890ce12cdc4.mp3?extra=mNrrWLfKn5Loh-iMnVo60mtqVjVFn-vcYvXPpDM7r7LNMW1kcEkJso6AMaNlSJb84F3xETd9xm-swjaq97oalgFSZKMCZakmMyPUFfDhkLmRGwYeqa_IGoF2_St2YPQmlAho5AVTw6G_,7360084,16
359711732,The Subways,Rock and Roll Queen,171,1429296161,https://cs7-1v4.vk-cdn.net/p13/041ee829b743d6.mp3?extra=orWHGYtvfjWEuvcjc2onXcVW82NAkJ_xdht5aZglMaRIxgnxqn1CNrkzv7NvwVoUcu25UXuacV0UavpORl3wSsXOpNOJ4iZkBUBUhAPDBlbrExgzIcTu93aTcv9FcVvE7Bn53Cp1PuvY,4215292,18
358682041,30 seconds to Mars,Northern Lights,279,1428946739,https://cs7-5v4.vk-cdn.net/p12/3c2ccaf9511e05.mp3?extra=skWNvS0Ju-jYidhquSyCGofeGOisR-8LFiFYl6WDdgIVyyMUVCkafG0R0MRlb1mbfv8cCw16T2OqHHEq4qKH7YSR7iTnI4K_if_CCj7tEk3Q-x1CY0ayJCCC4U2Q2XlyXHURtK77zKSu,206549999,21
357496370,Olafur (Ólafur) Arnalds (feat. arnór dan),so close ,232,1428530113,https://cs7-1v4.vk-cdn.net/p10/e15fac5873ea10.mp3?extra=GWBH-ebIdmKIR5w7YZal5E7-x4fy9r7O667B04zyMvuTS59_6sP7eyh8d0prfCVLwl5iVSj2VcyO8guqF0gc08cLd47q4hpk8IKTEDfYfcJY2rhF14Wn0l2VWJ8sLPqOXLbhIsVL61yd,117849629,18
355639001,Stereophonics,Maybe Tommorow,273,1427899501,https://cs7-3v4.vk-cdn.net/p7/71feb1e7aede22.mp3?extra=DoX2G0MEqMxXtzhke48CLUwcrEv0rb7E25Dk_HgbRb-kRE7Q7irrAoLpUXO10CTY9ZgojPpAJdxt9XIkvdu4odmudHPz4dPC9bgbzoFibMnhKkLXE3touQwdnOlj6hd35Hik0_VY9Lbi,4127099,2
355263161,Lana Del Rey,Born To Die(Original),286,1427764705,https://cs7-2v4.vk-cdn.net/p21/2b4341b70e6b47.mp3?extra=XoKpCgd7Izv_uUIT2vhCVE01GB4cpta65XIN5-Zzw7kBKD_mIC0IAzrcbCusPzZTMHeEBDZYkBwQIpYUgw5H3IrE9SxLZ9fdCJVH69p2AKHD9YLQnN-ZfK3kGS0AMK4nXV_hweeiunVx,146511695,1001
354404384,I am waiting for you last summer,Event Horizon,314,1427492133,https://cs7-4v4.vk-cdn.net/p15/5f2c4e2deacc42.mp3?extra=aWeNQxnmGHCX2bgVeeM7km30LZxqj00CUwuJ9Lbf2aajfkSdvBoUHU5KhZR181y6D6eQEE4SQ5ZwD9ubCYGzHnyQgbGkIJlwIPcdEIRPExYcGU3GunKuMrtTsditZJcfJhqxwLCRDuTk,0,18
353755413,I am waiting for you last summer,Through The Walls,238,1427296896,https://cs7-2v4.vk-cdn.net/p19/210a035df8d4cd.mp3?extra=2zNpgHOnj6Nlfn5TVKMWRgkywPLgp41kjQ6QazOiX9I9WYV1ufy6xGEsL69NnblCMPUdGB-fVn8S8gnt_cn1R2movCYBDOV_x2AothU9uZwoREzQ9Nbc7hoeDuwCgvD4kCy0SvwuPtHR,0,18
353741367,I am waiting for you last summer,Retreat,133,1427293512,https://cs7-1v4.vk-cdn.net/p11/0c49962769a36c.mp3?extra=k71-4HyPs2xsxVEiU7GHZ1Ssrd0NqZCjbNclFpMEpBcKaJokA4Rqvj2-otiCyoyW1eCK5f6Sc5OrF96-vuq15sHQiBCVUox5DYAta8WWv7WPhv4Obys3SwFa6S9AYcUZfh0ItTwLEj5v,0,18
353273145,David Nevue,Overcome,210,1427147371,https://cs7-3v4.vk-cdn.net/p23/e0aa8d404823c9.mp3?extra=lC1g-HTH9cT09AQ8HngXAfj3qRt99NGWaL2A670X6HgP0jmWj9uOhfQyxwatv0DzzA8oR_4s_aPSvFsg7t4hS5UV0fqqMe2ie5FQRS-znfgq-1mRsgsCSfZQYcHwnqXxsoPEKcqeSG6U,25743170,4
352589234,Cousin Marnie,Cain,213,1426948410,https://cs7-4v4.vk-cdn.net/p20/fe551895cce4c3.mp3?extra=CE2l2xLedM1BEbj0RIWjXrkLtFtdf0fEg--hqxJwhlxfggti0mxtOnw_bKf7yTyxdgOTjWIzaupnV1T_LFysD5nO-z89nEixWOXWZeJQlwqeTMM_yiuKU5e9bLd5fU3-NoV_ir64Hzi9,196772111,1001
352178870,missio,i run to u,257,1426805956,https://cs7-4v4.vk-cdn.net/p5/a0f30010eb01fb.mp3?extra=BWW8KuI8Tju2n0-vdug_r6LP0tUUarO-bU5TU4JKCt2TXVIHsvkWEuNe401G_A14mY2QnSMhX1i8VGHn3hiJbTeAuHeOarxYi_950nwXdtpGDT-fFkx1xzdZPoFugY0fF8u8nl4qv3Y5,218888724,17
351911500,Andrew Belle,Pieces,241,1426715177,https://cs7-2v4.vk-cdn.net/p8/615e06dfcc1c2b.mp3?extra=47G-LNDEH6WSUBub8wGZaprGD_OywlVGsKJCSa_JPHvm9_abbn4UBFBSDH47K_BZYBwVOjGHFbmPBea9qwiGsqBMIaKv4MOdwx32-Erh9AdzY0G9aim1Esx6zpEVSEjHnfn1jvaYYebg,111734634,17
351300515,Olafur (Ólafur) Arnalds,Found songs (2009) - 5. Lost Song,220,1426520227,https://psv4.vk.me/c4648/u8020919/audios/6325a235a0d8.mp3?extra=Wp0smSyZjsnD9LUgabSe7AgUstfvA9DxvwqnL0o4tEJsGTbD1a4Ptu-llrtD-c8o5BknsIRNDIEG0bqOse-L8cT7Ff7Q6VrWS5VdPyww4viF_-zYDkHZxvxI4yHgjlgaVudMz95q26hj,3522938,18
351296796,The Exies,This Is The Sound,243,1426519370,https://cs7-3v4.vk-cdn.net/p5/7d747d87ab2a64.mp3?extra=IIYtQWMfAzBRBlE9SG_qA03bOQhDzAHnoyZd0HmWJT6YGWjX4i5GMD2SR-a0Tcp9QfyslI77fUMO_xLKwiJgzIsfuSLpPoj41UVE3Q615FtqOGKZldQz6BQ7JsvWTOSH8jPLcx43_tSc,1356710,1
351270892,iday,return the love,280,1426513826,https://cs7-5v4.vk-cdn.net/p3/2e9dd648e8ecc4.mp3?extra=2UXpvYO0tQ3oS4PqusttBTTh-Cgm_wTadx-op2YoPKNCAscVJFg3ngPc5CUJ5kqbhCeiR3mGsczHxRa_mkKY80s5HFdwKvkLb0RN78tQf1ujJOTrPhzSXad6FYMtrvBe0G2v8pGlihy-,165109759,6
350606509,AQUILO,I Gave It All,231,1426289445,https://cs7-2v4.vk-cdn.net/p19/fc7d7f71ddb811.mp3?extra=qYX5vXmKJmx9ttvLwVsEeFtg01VP_qU68J1S7LzrbtZGy9PiIWHP27YthYTcFa5idJawizDN4AbrZWDZbTG3qK6eOwYArpqEe4lGYOwIu1MgrPoKm4YwYXqJ7Se0loCTU8DUjntPqXcl,210516534,1001
347770111,Avril Lavigne,Take Me Away,184,1425330206,https://cs7-4v4.vk-cdn.net/p17/814082cddb1bb9.mp3?extra=kfApbesnYYWPGaPh66nv94VohtwQfTcNS_YKO4KR-dl-cMU0agS4pDRUwUoYq8TWV9C6yvIJgNcrJ3WePAoP9LnvV5WRe3aILMoEYDBxWynNeI4hdqcUBkz_QiEwWFBNV34MzMcnmpwL,10773161,1
347634732,Within Temptation,Have to try,270,1425302990,https://psv4.vk.me/c4114/u26192408/audios/3db912cb08d2.mp3?extra=h0LKUrRmGi4Y7UvCHHre170ant_PRAmXmmyhpH6vhqVoIvwoPAENj7xIVhbK_Qcdxyy_DIXVkJKZPklhxuWKtaQ4u-mNtZ9zBWM9QmI810FaQ7X1l2y4t730i8x1AyLoEklK35KsArGy,7371208,18
346891794,Acornland,Peak,285,1425056533,https://cs7-3v4.vk-cdn.net/p24/357f91bb1b8f08.mp3?extra=kvUPjfPhGPXnDQtCBuYjq-WM1E9_Qh3zZG_v0RpWPbklUVwcys6VxKqcjObGDupbHAh63qqT18j6lM0WIFME3TDGBq63Ju4S90aCT0xdBVws-IbzS7BMsIy-bL-wEKRzrhF8zprexluC,0,18
346235799,Thousand Foot Krutch,Take It Out On Me,197,1424816011,https://cs7-4v4.vk-cdn.net/p4/336806b59a6579.mp3?extra=VAOVOxJ0FCXAX06WC7pyBzhwZ84jVVUkdNW9RUczRc3kdgkwUlqWQPXa1vgSQU7pDJ9UTo7aCj-qaYHqKFtGBYgAegc0IUXPd8kh1cZ0I_lrX6HvJpZZ8Uqxodj_04EGvHDxKe97iJF2,169533226,18
346002452,Lorde,Yellow Flicker Beat,234,1424741419,https://cs7-1v4.vk-cdn.net/p10/a7dd0724e7bfc3.mp3?extra=MpK6FCeGfxD6__A62rFW9UAb70EzI6rSN0BTd-y0tmXeDP0VWIGqtZVs6hN5fQrEXruzU2o9q0mX-xrU_GNj7jF2SQdT4j9fEuBNdO6JmXbOH1PL0Skvvn8EShzGryIUtn_dLdBVsY-Y,211042434,2
345589964,Armin van Buuren (Dash Berlin a Cerf Mitiska and Jaren),Man Of The Run,392,1424611596,https://psv4.vk.me/c4500/u16866774/audios/de31393cf3c4.mp3?extra=vM5xr7sYHziHna0QQI7ZRkZrnkxpldXYBXWP9qjF32326vAXFv1ZW6XUMXiThcauUEIX_Ay3SDXdqHmEvFtaRUaANpJmA4zCOt-0xYjHCyGRCaaOLvZC_29V2masS1Ov3qX2o5X75ZCt,0,18
344433793,Our Last Night,Dark Horse ,205,1424218900,https://cs7-3v4.vk-cdn.net/p12/7ade7cddec2843.mp3?extra=XMGyJxj19Q45wvUJ9P656iZcEO1vh_7pyssJh0AiYyc_2VB_JZ0zotqPpTvs2pmIdCQ6NijYRsS9l4flWFv5EF-mUXHjeo-ZLs6ZmEcX7J90vUbfvfxy--zHYq6-nYQZAMaPJBtgbRrw,157039215,1
343344092,Stereophonics,In A Moment,325,1423856376,https://cs7-4v4.vk-cdn.net/p18/8009ec55af87d0.mp3?extra=H0_A6MOl8CBVVudIoyyKcS9IPNC61c1ONGjNEnTqEP0T7lopIgo28TrPEA0-xBdVI9TZaOqppfGgmzbWEp_3wJ5hWf7eX02lMPi5_QZryc5bZrMY7Nsmqzl4DvwjiTMaH00hEn4hI3xz,46724852,21
342877703,Myrkur,Why,335,1423707589,https://cs7-1v4.vk-cdn.net/p3/158af85fae9566.mp3?extra=254z5Hr1V4ojsqNI-wUCUjZheWyY_oU-_PLsP0nFNTqLA0gQshk60w411SLS63Tri7tTOKMTny4_yB9B4UIkXgopAhYptvQpFGqFWkDOv7PlWCMuaauhF8RpTKcZ45GB3YXavt2qGleH,20840582,18
341294111,John Legend,Made To Love,242,1423177551,https://cs7-5v4.vk-cdn.net/p20/009cb1adf615f5.mp3?extra=EuTEyR-VWQS7CY4qYz9FTM-XIt9st1OcYRhTV21BdlBkJrW45UOvZ3YS9NIWQ5j0xq8D9r3cCrC_ajADSbTzvJmHphB8bzXnc6UUPERPCn6hU_uezxlRKqEMlZ8pn9KozCRxceerLxmq,96692048,18
340492386,Bastille ft. Ella,no angels ,240,1422908507,https://cs7-4v4.vk-cdn.net/p15/e7d8c6ceb80e5f.mp3?extra=NHxYKqkDcJkVCqyv-LUK-Z6lTcDaNq_LReDWucBBX7gk8Xdrwx4JHxKFOzOUc4bLYFDph6TpzLQEjeO8P8kxB-5wqDkFZ_UYF6Go269f4G-80SEXb5GIDToLbpquIiNkBy0FG3W7nSYf,53644271,18
340215425,Breaking Benjamin,Without You,256,1422818438,https://cs7-3v4.vk-cdn.net/p6/bd18a1cb1fb475.mp3?extra=ScuR9_osXaASmL7ugmJnj_yl9MDmR9WjrkiEMWM1TBYN7pIKwlfWfLeqS5FvfT0F3STgp7Z_Q7exJnXiXkyyVIOzUD9zTqrD3tnMMeL98ttI-KC0eYfRiSjHCBrKBmgfkMfb1we5JD82,6083917,1
340209144,Milky Chance,Flashed Junk Mind,262,1422817204,https://cs7-1v4.vk-cdn.net/p13/393f4179e4ae86.mp3?extra=Efm8TU0FiIRBiTKL7Jg8Ye1cPJqDpfyBmfOt9tSPlqV5ZQf-C3G0Ho4sKHgnEcCHQedTS1BLyEZSV5CDHthUxaG4ebQ2OxYLJnA_5wLcGw2jADR4IdzxFkRrmbji7AAAFEdIlYFrq3fO,92866770,131
339878798,Limp Bizkit,Behind Blue Eyes,270,1422721296,https://cs7-3v4.vk-cdn.net/p11/26b82c6747b030.mp3?extra=NhJlzNC_zgb95aGFNsA_V-UKjPrpLYpTK9rfFaZ7rtddivHl65hCHT4o0HkVV5bTxh1_PLVqEsF6xhV6Z6fb7l-QeI8MQejRu2wlrwPyrZHpMqs0CmQaaJq5qhZVDDekhOJyCdwet3It,10922409,18
339158762,Linkin Park - Final Masquerade,-Final Masquerade,217,1422477324,https://cs7-1v4.vk-cdn.net/p7/a0345ccbd06406.mp3?extra=da5o_y-lWxNaObzC-kqHktU26bmlC005v8Gu3YfzpJ0LnrHOZuyzzi8OMRl8x6BfTYav1kTivYLdZw_O5ciszGKu5tDYVqDOza8Uisj9ff5yPzfNLWSB1Lfjh7LT_kyt5G-WZWj0bJx5,183596179,1001
338675781,[OST John Wick] Marilyn Manson,Killing Strangers,336,1422311619,https://cs7-1v4.vk-cdn.net/p6/572c5b082fca49.mp3?extra=4EumRvzWthsC9zUp5CytShfcoaYILtOoMEvL96Qm2_PTML7BiWQKwNZB4zGyVx9qzEBvDlMTdFeQwxJF7w3uPa1F3ew-4aIJYVnDzIj0g8Z5XBte2AJnlNCiNjWj9ad4RuvjsmdyN2di,226168062,21
338566410,Midnight Hour,Running Away,244,1422287332,https://cs7-5v4.vk-cdn.net/p6/2d308f4d674a74.mp3?extra=KW2qwjPzkfNPUNAiD3YKargv8uQ09xpC1x3DahBJUPXXeUkf2mJXmsrIKThKHN_jvdGF7tbAWL3W_nZnPIS6HNOduFzPL5FZYNdmYt1GzTVaOZjrQmJloKiIPzJB3Sy7_asHIiawcp9B,3148327,18
337488142,Rock of Ages,Mighty to Save,245,1421933351,https://cs7-4v4.vk-cdn.net/p6/7227be66ccfd8d.mp3?extra=vYF6safXuei7e7aj9A6xdObsaptzxqx3sLL9c1OpXQAi1qcYxZa4iSlGydtoJ0hQAiE_XAtCd9CinNJTP4YB8hGFE5y-5FfljNbu29aNVi4kw9hleVJZViyZOe9tiEBj2ZnhSCkrRXw1,10102705,18
330951434,Charlene Soraia,Wherever You Will Go,197,1419619112,https://cs7-5v4.vk-cdn.net/p15/925e0c5b59d2a1.mp3?extra=F6rSkZF1YeIt6Emh1WZdZv70irkPaiZPFZhnySzG2S902vn90iZ3CXIh2rXKJkGGIc-d2ufcjbJIAmUpI4zzKGLgsDMRrVII6KrSMc_7dmr3VWrchOSNQv_wMe8fTxHrTSeOdXbVNnAE,20723443,18
330526954,The Calling,Wherever You Will Go,208,1419464355,https://cs7-3v4.vk-cdn.net/p15/3af62a2bc335a6.mp3?extra=bnuIWYLvPX0Nj3in0XZZ2vfB7IMvxc4Vi_fcSiCaXwpeqYIw2ZTFr1_qlaOeQItpPw77f_QB6GbyiDMVU0W7hrRjPxQN5rDOpBS_wcH5-FOhKodh1IqQdOckrE-sebdL3UOWpveqFd8H,6798426,18
329212477,+Worakls ,Elea,395,1419008984,https://cs7-5v4.vk-cdn.net/p10/f29ef85cf78dd9.mp3?extra=ravKBvzWGSH3WnLmSH1vprvo5n0Dcxrnx1JAzOzskbsr02OI7c4SZlQ9yCsCuHymARlM3h8CUtoYspqUBC34ZKKsI-msLPsExCM_zpQSuedEZEB7Ss346Q_26ALoB1fW4b5d96c3iI8x,160727954,1001
328784771,Bring Me The Horizon,Can You Feel My Heart,227,1418843099,https://cs7-5v4.vk-cdn.net/p18/68a19c2e81be24.mp3?extra=NRHLp2RYWQV8A7uRe_CGJvs2fJQyv7o0LKeq4rjOGWmdg0xoRqcx_ZNN0AeQLGbvt2xPJEzRp3dWGSZHKWX6ce7alwSE2uktOcaaj6vrNLkxufPMmOQndkaasSj3gfd9tVpZfKU7oq31,68711188,18
328144033,Lifehouse,Broken,286,1418608910,https://cs7-1v4.vk-cdn.net/p12/efb331dc09d60e.mp3?extra=fzK8Bbhj0bluvpSzUYX4SUB1USH412lh4aimQL-KuvbD5E6QWDbP1ce1n3vEo7EdHLabIEWdCNJFkq1fokNmahvvQGd1L8YMrmdR3JeinMpDW0XXhcEYgA17EUO75N5JIkDc-NYcnqGd,103937,1
326426609,Koven,Another Home,287,1417988490,https://cs7-1v4.vk-cdn.net/p16/93f136ddd3012d.mp3?extra=lbpA0XZxFtxWqWEaVMQr88i-VfKnvmF4MYWMtaD1pFOvvbqVEGCUHkNSZlbJkSXcspe2LEV_NT_yZCKwjq0VKNebrmOLuRpnbSl6qTN1ngk_TKo4QDUFS-qk9zsGYUUf_jGlrSieUqFF,152597607,8
323698632,John Murphy,"Don Abandons Alice (OST ""28 дней спустя"")",256,1417026639,https://cs7-2v4.vk-cdn.net/p17/d210a3600e0129.mp3?extra=La-_knTLS_k_cV9IW91nRHDutEjUH4fX9b96yCAiHbODzvId5wRMl1MzMhzja-iyUNXimJirWv-wTaXG1u9AGS4UNm_K7MyuI3vH6rWl8bUDnKCrDOAtmFCRpnlZgKTsbRfNmLC8f1xj,5202027,18
323046600,"(ost ""Закрытые двери"")",неизвестно,127,1416781845,https://psv4.vk.me/c1794/u135576073/audios/7f9811544de0.mp3?extra=CLHn-0oAqfjo7xfg4-jYiCUcGAyRzpvv7tq9JWhRnkA47M7HOjaZ24B_Xkjcz917XUHBcoNS3Ha26LiUTrPi-0NH0wOF17kqiUt9ZwhQfrZ-YNoko-3a00vFcEzWvYdB3xR64L1EdsMA,0,1001
321227615,Jeremih,Fuck U All the Time,248,1416147432,https://cs7-2v4.vk-cdn.net/p24/14c8a32fad9a99.mp3?extra=0S3q1Jt9jKArjSWnxj8T-Btg-m59TLnSUPEG3F9vjK7OrFX04PZYCifRKqvnIqScPm1TM27lmm_azM1xgRNsVWqqkTM4JLqIVKUqcasEC1gYrAkiPG4PDyr-LWv71sHZQKOo1mxt7jsh,93903015,18
320627447,Gavin Degraw,I Dont Want To Be,219,1415932705,https://cs7-1v4.vk-cdn.net/p20/51e0505c8e6d9b.mp3?extra=a19SLkkmq5PkuI8NJZRhTVI13XAphFFGL1jIeTE8qNyoYnBXmSULfd0gWdaFMJhek7NP4He-Woy7zEwV5fDQgKphFA7BMJCNzhGMQOgvjcKql8lCLK88kfKpR5ZUV6F3na5wXktn0_BT,517724,18
318250098,Rihanna R,Russian Roulette,227,1415067550,https://cs7-3v4.vk-cdn.net/p2/9e2e9554b056e2.mp3?extra=cIaW0E7qgtWc53YRDhgW15THYI7PnkLaIqb8zZFB6uMeKPw7o_T5NLBywL8UecsN7VXBS7nMOrGf3DSW6gy4E3KXR7Mq2f_huJJAk3_6yLQNU0OhCMaxXV9O1z-MX1-8Ik-3Q97z1Dwi,197102480,18
318249931,Rihanna,Te Amo,208,1415067219,https://cs7-5v4.vk-cdn.net/p14/5a30c6f329e444.mp3?extra=cvtGShCQvwKgQN7eX5JxdCcovsnHFmPuW2B5QH-0PjMwSeShpICPXOmLr69AZG-h4PLs0sXIxpwsXJNW1PVpr-LD15M6fKhIMCp3i1A21P3nbXBF0wF7ooLzsvZXHgWsj9VMI073ppvr,7706756,2
314761943,Lil Wayne feat. Bruno Mars,Mirrors,228,1413755310,https://cs7-3v4.vk-cdn.net/p10/76a0d55235936b.mp3?extra=0e_lvBPApcZAchpuFjOaOrQjqxG9kPZ7jKYWY-CTcBV5XQUpDQoRfSHADdfV54UY9qTaO6AQwBhC0KbABQu0_PI2I6FEZIUt1qY2WukWlHly6JUf_9VaM3lb4W-aTOZeml-NJjxW_n88,16891841,3
314205132,The Minions ,Lollipop,234,1413566463,https://cs7-4v4.vk-cdn.net/p13/892816dfc9d313.mp3?extra=91TUfunKau3xSishtWZww-7DWyTIvpqy6e1FwmztuIfpPu-IM2FflHjzuZhCZX29U1KV7EyMfgVnTHy34vIjmb9OAM013OHtr1z4o3XjFDYENg2X6498hKggnvxutWRBbw2zNolMvUtj,106537662,3
311461715,Fall Out Boy,Centuries,232,1412532224,https://cs7-3v4.vk-cdn.net/p21/e9679ec014e93b.mp3?extra=ZUPDR_1CXpAD6Qrrb6Jm9CsoxV3d7I9Xz33p_CZm7sUhbYwYE-xuABJCNjceDmNVXIZEjuW9CVZ5SxbKGWfsw6hJJexc--Vng6XmOY_Ek_KBZ88C8Sag_9EJkQ_jn_ztNPfyDuW-sg_S,197045420,1
311459933,Nickelback,What Are You Waiting For?,220,1412531864,https://cs7-3v4.vk-cdn.net/p24/99b54812a254d0.mp3?extra=hKkqoPbLK2YT65FH2VpL0gz1kfVrBrjph2jwQ41iKGtxiGIyCLOwhkBaaPj4PNACOrVZ4yJst9glDtX3sqF1lR5J5G0BKFUta9waQ3z9kSJF4H7Nj49VlmwufJt4-Uj9ve9KLEyRqYEl,196552132,1
309614394,30 Seconds To Mars,Was It A Dream (Acoustic),264,1411870273,https://cs7-1v4.vk-cdn.net/p11/fad248d9c1dc54.mp3?extra=Vjr6Yygt-MwaYtcuSB9wDwPjdrNHJAQ7WtbTQ11PqinbD6tArDHykwzL_kCFV_rAQxYfasb0cKKzeLwLKHkIPlKwhs8z-MnTHsHWW9p5OY9PcHaizQxuaY3T_dO0GK9SM-AlBCRMGF9A,7957841,18
299797166,serezhadelal ,not anymore,211,1407917621,https://cs7-5v4.vk-cdn.net/p18/1cd96d82b4c0c1.mp3?extra=K4XCa6s1RKCSTKlOxLYmMmmtlQQR1p1PswvrQcyvyqGFAZFbfZCXf-aCnIIx3SdrcjTeFdLU4_CvAtu3nQZPG9aFcb_bEE6VML_Bym9TgY141_RjmrVPDGuvMTz2EeQiuLx0LLbf7Zvk,140624790,6
299796451,30 Seconds to Mars,10 лучших треков,2695,1407917382,https://cs7-3v4.vk-cdn.net/p15/e50b128a04164e.mp3?extra=XDnrgNdtmWIXUyaElFJWONBl0V-5Hcyin3Ms58ZWw9XKNOmbpx7kzQJBbDYwDA9znhFOZ_IIQE_e0K6MecBFWLAVfJfH5UAH36A7_NpoK0SXfdMzhCQbyNEiMx3_HufbowDodg4u-Pc1,0,1001
299256602,Chris Isaak,Wicked Game,286,1407685926,https://cs7-4v4.vk-cdn.net/p17/4765ae846c5706.mp3?extra=uEQD_XfRujaQ-azqSn4EU_n_ZfP6KWwtrVNSiMV3LicQa_zZPpSEXoSrg_kqxm5IwUcMjRJIhh0sCH4nYmRgmOC0jNEu-5AzRG069uEMNUz4ZytZ1jgPDjquRwdDlOTzCypPsKYzuG3N,3248451,1
296134892,Adriano Celentano,Confessa,310,1406322537,"",6573716,18
290645073,The xx,Together ,253,1403999163,https://cs7-5v4.vk-cdn.net/p7/6ad057930c64b4.mp3?extra=GxD1WE8ednyad_6OgpiKZErj58OU3b51SDLgW3zXE5uBVuijb7pCmpw34m5ZDP-hBJQDCMo851bQjE_cDCXwsW-xK9Ie7ulUd5Kq93rHkRyU7AjnApWNl6oK13i7sNWClKvPWCaLTfOq,113867172,18
289931850,John Ottman,Hope (Xavier's Theme) (OST Люди Икс: Дни Минувшего Будущего (X-Men: Days of Future Past)),288,1403712763,https://psv4.vk.me/c536410/u97437880/audios/e2826d729d6e.mp3?extra=OAwwLMh-XjUYHEiGHfEZLWayRu0-IPl4lAm6gTdEpLBuptSQ1EiiZ_sWhLXKjBfGVYx-YwctygkrKFVgZmMK2Mft-B7cB2ZocwpTOH-QpavLZ60yBl5YafxAi8yjOR8ZSvMXnwBjnfRK,0,2
289519796,Крис Ри, Саксофон,259,1403543386,https://cs7-2v4.vk-cdn.net/p22/9342d95a4e042a.mp3?extra=9NA7EXNxCsYRlvt7_DN3hgA_uCiBEnKy3zcixc5v7q_5zOB1J_bjXpF8DG1qmygkg_iHtsnNiQ0AFDtEXMq273VptRqsDk4GoY8t_IZv5ZZQLkjNFXJQH5i7taATHj0xEyFHWoO2NbJb,66431055,6
288516778,Red Hot Chili Peppers,Can't Stop,269,1403134830,https://cs7-5v4.vk-cdn.net/p24/efcc5d84ec6ee4.mp3?extra=Gl5jQCG7s6m7O7aGPH3sqEBpJn8heY8H8-l2bbKDWzLrUZBlp-O7Pi22QFJFM5ABorH2KVNeaQ3x8YQ2jZHdn_lHvajbLNl9mfr_kBH1RupKUR2dr7oaO1E_HD5UGRrfX0tEE2FAlDoc,6987237,1
456239099,Linkin Park,Numb (432 hz),187,1472481765,https://cs7-1v4.vk-cdn.net/p23/86e0254440b8d9.mp3?extra=y581fxKo0MWqhKqTaroyCvz0acad_9WhQUWEtr5SDvWAlRs2vi_HnuK1JEdE8M2NSNatkI9u553yopse1tUtqcQKbVM2YNGfgfvmtjGnsckPx_f0ExK65n2UloC31YjE3mPjell6QMcn,317402462,1
288301904,Linkin Park,Breaking The Habit,196,1403054818,https://cs7-1v4.vk-cdn.net/p18/96be265b2bd181.mp3?extra=9mAra-WdHyafYxLgAdYqBhFLZyaYsqzDPfmwxkDAagZNv989njwUvZKDY4fl2uqvQBvWlmgMU2mPVea5QcU_LImq_IJk7fr7GFJkZdk7yZv22NhrSAiAbe1UfsF96o3k0L_SPL_T0-Tt,6094769,18
287633510,Ashes Remain,Right Here,171,1402782241,https://cs7-1v4.vk-cdn.net/p15/5bf6fa0660c58e.mp3?extra=LHdnXQ7aBV4MFYNlEqXM5k9A94y6U-4UkHi3293Dznt_j4AoAeABvG8TOZuNQpUma5aUbd9SHaoghGmPIpLdW9wnutHbCPSlfAB6DWS2gAN0z4FamcwNwQp5DgmuPFe683oRvI1Lm3kt,17485186,18
287592840,Nickelback ,If Everyone Cared,218,1402770502,https://cs7-4v4.vk-cdn.net/p11/f133aa315f4d72.mp3?extra=zoTiWiJMouvpm1Ky_nBI5zfUwGUw5IBx0vdYF5HffCLK7oJUJnGkDtvyZ3nh9DVOm-eWD_yP7va1XexdC1LTJMaZW4OvFhxUgwVBhZGlwsOc9kqTA0t-lyjDltxjCRywujkjayJTJYgA,5569867,18
278834261,Yann Tiersen,Summer 78 (instrumental),230,1399306529,https://cs7-5v4.vk-cdn.net/p16/5cf8cfb3633d1f.mp3?extra=i5FyTNvQ32EgsOkl_pWSQqZVsSu6y0bgK2c3p8ic_nQKT4icMAYjNSg9ibzIHr0CPMgT2Jszd65NpfwuAXON_CMJdMbIwzk6L58uS6jFV7l6NSkRuH-u4HhaG3xry8RaIIcxoMRfG3b2,1555187,2
274376442,Jaymes Young,What Is Love (Mr. Riddle Remix) RA,206,1397510952,https://psv4.vk.me/c536313/u19280926/audios/e3427be6ed96.mp3?extra=3GnWnwSCMmWK62aMvmQ_TtioSwO0-Da6BMVP2zCdQ5uKPTJ1_nFeIS9Tk6mir-dfj9fY3ka68X1WbVgZtPX_f0wXWejDKVWukkzkYkmgalmzZ8jDcN-5-07ucoxvY57o1JCIiFhjUSRQ,0,1001
273626151,Nick Kech a Vgn ,Una Mattina (Solid Starr Mashup),397,1397239112,https://cs7-3v4.vk-cdn.net/p9/a751c02d269ddb.mp3?extra=T2OWGXxC1sfuLzYb9SYbWmGaOILCjRyRz8ImdQf2xnliWymRQkcU9pMUyHich4KsU3vYdvAmtVH2zCc8Ye3NXB6ObusM_LESDOk32Q6-gBRwU2Jxvk-E3Fh8WU2sGYeYk4wyKXr1UFoW,0,1001
272321540,Markus Schulz feat. Sarah Howells,Tempted  (Extended Mix),383,1396732973,https://cs7-2v4.vk-cdn.net/p7/29ff80b15eab44.mp3?extra=QQlhHsWt_WKjx6XHm5oBuBtRxP-wUaXyxE99UJFqtZadanniVRR2s45YwH_hBtSeq6vi-gfHj9JiDx7kn1b8LSmo2KDihzsnMkhGOGiMyG5As3jN3y4DBlvoYfqWPMc8H_WouYM_yVGc,35442322,11
270269284,Freddy Fun x BluntBeat,Please be weaker (Istrumental),221,1395968695,https://psv4.vk.me/c536311/u20028973/audios/b44cb5760900.mp3?extra=-OKPNcOe_f5gwEk-vARRrh3e81cL8Ww-ywnAuBxTz3Qcdz0GGlCexKKjaORCpl5kk0DLUTnNqNp9i-g3PtV5ySOKE9wrKTX9nrYghsFAuQzcDBObGqtAXKLx6syw3nnhTggzFybfL1q7,0,1001
269584763,Rudimental,Powerless ft. Becky Hill,235,1395717214,https://cs7-5v4.vk-cdn.net/p16/80dc7c820c644e.mp3?extra=c9iX8RfcqWQrwc2nt-Omv2WyhPMw65jV65CV6LadgbCjLVGYJZFjeUduJUHIH9NSBh3Hvl_gZi_pJZtVxWjp5XDCUhkBzRi8fLXDfMT-VhLQq2EvnpXi_D_zt9EzRV7GOsUu56aSdlIm,116189706,2
267756680,Deadlight (OST),Deadlight,169,1395014058,https://psv4.vk.me/c521309/u173577836/audios/0cc5fd790349.mp3?extra=bmjcCUZ6LNSwJBkP4Pb7hJuBXkYynzvC7AJe4gSuNEMwnWL6CmmpqD5XdLjy8OTePcOgMdo-TZ6KeSJuPEKIZKkjWcYdGIXBA1X--brsY3Dau8TO7YktAqYDFWPRKYDID4lHMc-M7XVp,0,18
265057956,30 Seconds to Mars,Night of the Hunter [ acoustic ] [D],337,1393980797,https://cs7-1v4.vk-cdn.net/p6/1238646e0aebfb.mp3?extra=rc0iE7wy5KeVYmN0HflxpCmlJT-xG6QozvEEmvcD_bAgGqylIbra6c3CwoNEhmSFCDzirqi8VPGKgc2bdPz6eJjx8E0f8sDPe6H7_kRldE9dnmgYqK022Cqxgu3Q08UNpL9m9DllPcE_,20243127,1
262632190,Linkin Park,The Catalyst,335,1393043256,https://cs7-4v4.vk-cdn.net/p23/cb7ec4f72f00a8.mp3?extra=IJQafcXc0cbbJuX1tWLvjqDD2OcAPCqI0JNYeQKgCFA6Xyybg0gITblZhIEWnpuKtjsbwpgxUFplTg0vK3DMgmSh_ySfKFoOn_DhniNCX91gYE2OjDjQXH8tLeODUjrmWqiIDVlW6yNv,5765181,18
262199632,Linkin Park,Lost In The Echo,203,1392866408,https://cs7-1v4.vk-cdn.net/p7/eb109b8eeb071c.mp3?extra=pDmY3wl2-_mT1L2Ost9R1TAfEn4gC7W3ji6mIbCM4QGD_pfUy1iiV0_qyugsAtOX4f_q5TpqPBEZ7nf96eDtMoIIFPJQgY3L7E-q5HlvGQMofc36lPypI-vxmQckPYDZ1LAkkZoDckH8,25638753,18
259312389,One Republic,Good Life,253,1391713844,https://cs7-1v4.vk-cdn.net/p20/54558a0ebf3de4.mp3?extra=ulscN1RSkJcbo_EQX7-js30nynSUQF99GqwPXbsvxqJkWfYD20ype7ul9KO3WxbdHzhn8LGyhsPxYhKUAkBsdjTwDZ8I66zkUpQPWVog2lLHnI_AzyRmYHBrovimk238tdWnL5VoMQtD,5817487,2
258870193,Linkin Park,Pretend To Be (2008),236,1391538658,https://cs7-1v4.vk-cdn.net/p2/a29f389d5bf7d7.mp3?extra=lagoxhAWQtvdfTxCDdlTTJvNuugN6h4EXhBqycynOcmSsAMmtdE_l17QyKfLZWeKSc4NQOMGhktvS-Xd5uiK1Xw-aip2f6-8b3H4eEG2N6QGd6DrdyLHq1NKAawtBQDZkWUF7rTcHAuo,9550192,18
255900931,Bon Jovi,Its My Life (acoustic piano version),222,1390417333,https://cs7-1v4.vk-cdn.net/p20/dcf01e645d1d5a.mp3?extra=T-9fHE0eP4QwcAfLn8iKHusR6Yj_8X6TFrNhjmyA7VLiNDPcx__DYVAhNADyyjaPFRLd6ILENYY6R0D6gBttDZ64AEW0wITsedcxdykyBMFytSDXNFNjAMiiU_dlFS7zb8qjGJBjTTBo,3430736,18
255304691,Marlin Manson,If I Was Your Vampire (OST Max Payne Trailer),356,1390174969,https://cs7-1v4.vk-cdn.net/p18/03158b095295c0.mp3?extra=LrE4FDhDxLhJkuSMSCkOh2HhLy7upATrK8kH6d4zJw4It5C1K_vay-ASAcSJY_rdhnf1HBHU7J9g80W__NmqxSLzzU0jLDyIEKglPoybeYBm2Vcz-k77jvYvmZq-gdYv1lTY0AptzBhK,1034863,1
254837711,Staind,All I Want,210,1390011384,https://cs7-3v4.vk-cdn.net/p4/5c424ac4108747.mp3?extra=st6kZwfjJEEXTqqGhwZEtTFKEISNOic2pkzr2eWZaaXUS0VjQFnEFc2UMSlWHbQ7t9zbmCn1w_FD_NNYEA2sK5eEbh4BxexAoHem3xUPvjv0TM9nL6ptDSVKcekzjQfx2fa_WhFkRMRh,566212,18
243224204,Claymore OST,Erabareshi Mono,108,1385352261,https://psv4.vk.me/c4193/u10569308/audios/57b3508aa3b2.mp3?extra=Uy3AK73WX23xDSm6jXuy0vSAe1_5ZXYz6R8q3R7jzy2MC-JJVXFoLTvVUkZ3D_9zEcZTLBxWrqCyoHdEMIRvwNDYxz7Pqb_51rsAXt8qXDqqXH1v_T4jcsFyvxOK6GJWD01vDR7hTdMQ,0,18
240777521,T.I.,Castle Walls Feat. Christina Aguilera ,329,1384366492,https://cs7-1v4.vk-cdn.net/p11/e4d70508a7137c.mp3?extra=Xi9Wj2vnWc7it_K1EsfHV5hSaKpxUAmz4WXWvC_FpERw9Evie6Brc7TARprpXbHQOnm74XtvBmr_gXqIIsB2tkSLkgJHzA_mAT9WaLU1k1cQtswNqDS8xwf6M8bIzr8bu3DFrf2cAYCr,7640552,3
211266836,Kanye West,Runaway (feat. Pusha T),338,1371503133,https://cs7-3v4.vk-cdn.net/p9/dc4505c7642f3c.mp3?extra=NpDLIRfbJRUBzoUXGzrcITnVklRtCnllOsnGPGk5tMV3DwLwmWn67oWvImXeYCP9KfCg_6IZVqqf8vsVm59pHwS6b8ohsEOQBKP6IIxhzOjLNDiSMR4xxrwRScECHBmfUOZ7CsBd3NXW,6418921,3
240379622,30 Seconds To Mars,A Beautiful Lie (Single Shot),245,1384195783,https://cs7-5v4.vk-cdn.net/p22/c1000dd23114a8.mp3?extra=kgpf55ORAAFfzAbkZun7nHUbTCX30srD4xreNhPvkY7_ntZxql4BAIN0K7fBwrq0wvu_opDXN4b-OTtaBQD9Gnn2mbfB1YZfqLgGixAvHAkTMlKWtqRAryj_LywYSvhm9CeHWGS1Rlp6,2028353,18
235794441,Ellie Goulding,Burn,234,1382373372,https://cs7-4v4.vk-cdn.net/p12/2839439236973a.mp3?extra=BOPXXAgQYD9DvcsY3EbpJsUaobQIYBgOvtw0bcDbzhf4QAc_i1Be8b4mKPAR_9Zup6WOhzoHHKPRkmV06TsI7pI1tfINej1EVVpONvpZQPCm8sckWGfsOrAid4XtR7LS0dSrMM0W7oYE,102208462,2
213037284,Nickelback,How You Remind Me,223,1372440614,https://cs7-5v4.vk-cdn.net/p12/b9fbb6e7165557.mp3?extra=_5UzlO5NCI0csFmXo14O2h5LTUcouAu_D9Sg3yukMqgulpbO7yFvKMxF7oZ-aRD3dx59GsZbOb3Q0qVvFkClBIEhKJyYueBoNPnp546n5MegaQKO8PtdkvzxDwQ4sVq_Nbcie-3emc4L,6427154,18
214457741,MONORAL (Ergo Proxy OST),Kiri (opening),258,1373154697,https://cs7-4v4.vk-cdn.net/p22/68d549349d0d4f.mp3?extra=o9rBX2UiGPfmcCU3Dwo9XA1GXjCoJbBcKipPQgtMnEAVRWXpwE9Qurlq4PGX_mnOXKiJZCFqP6DTyPDlXbJ0f5FP7mhCmZD0mHnzBgjh1S4dRU0L1xmSgml9cwKr67tvDEHv0MzaDI5G,2142345,18
208875652,2 Chainz ft. Wiz Khalifa,We Own It,228,1370276835,https://cs7-1v4.vk-cdn.net/p18/4c7e8b690c2bee.mp3?extra=CXiY7pjLpnOx5j3jmm5eiCtFjSCVUpi03LndsnMWk7G88y0REgLWiALz7TGeWZ88wvo0v5xLOKBjcSOWZBFCSHOxziZ2UccwYLLxsAhNewjkFdwoVsDYIOIGm6U_dEX2DbDxa5g8tg9P,85562294,18
201981766,Lindsay Lohan,Rumors (rock version),143,1366654349,https://psv4.vk.me/c4402/u51179420/audios/9e63920a56b8.mp3?extra=vw5AM9NOEzOHhxejJwW7ch8_PC9eYSOMoozAZQwTPKJv-hYVb9f0sU-sacbgAdraPY5e6a42mTe2TiuSCgoJQLfUo_Dr9PRZLdZTK_HGEmUAZPqFO7VbW-Z91BWBwH4c1LCskTeYY76l,15995780,18
201838139,My Darkest Days,Come Undone,248,1366574876,https://cs7-3v4.vk-cdn.net/p8/96e60d1e44b691.mp3?extra=35DkXZSm9QgOEfUQSu1VJQanobhyzs072EbX_UkoJZ37nJv92wwAi5jzEz5SjVxQ24suWsQlc2sOpXxrJyeK5oA6OeDDVwA8t4N5uzw7aaH9s0LNDhH68HV1yWsNqZuyOxYTUBC3JKci,6446649,1
201835904,Ashram,Maria And The Violin's String,178,1366574053,https://cs7-2v4.vk-cdn.net/p8/da8b83fb833441.mp3?extra=FF4cXJzwVZ5qqw5v7vshClJXTrgkHyWhF_dEFXjdhtG22ODSa2imQrxQwOAtOKsJVEZBq3m2iCrJlOs-U6E7c8V1DzqycqNnw2vaXg9cJyKCHeVac07HFyrfX8JT3Z8HqLtrnqXrfbg2,10967038,18
201835715,Three Days Grace,I Hate Everything About You,230,1366573984,https://cs7-4v4.vk-cdn.net/p7/fa3ff17463a78f.mp3?extra=hkrSyKW2jjZD4SF8A97JZcvdCHCNCnTVOwpHYOb2XizBq8ZPcN-m6e6G_YHnkiLkM_OmNedjl7uaYsKjiuUn9qDwZkM-Xc_EaGic7G5oi-w--FzxKMK1iaPwkRFIlHJGxtqd52mwA1mv,8330585,21
60829596,ATB (BY @ello-),Let You Go (2006 Reworked Radio Edit),207,1237898377,https://psv4.vk.me/c1633/u6158223/audios/33f23a2d6d5d.mp3?extra=RWsxKgF1Ex-Z16t00t_4a-0-GuZHRV5_x5V4VnLA9kn1PfEsPtN7Xtx8lNIa-WWZ5UENHY4vvzIH4AB7FiuUp5lB-WDT21Y74AR3gl4Giu477HJnvHIaB-0SSXd0sPCTqbiQeBjhihg,0,11
191916333,Natalia Kills,Mirrors,196,1361620110,https://cs7-4v4.vk-cdn.net/p13/b94f4958cc599f.mp3?extra=UVCFfYoorSSg3NX_sdsFJR5-7X47tZ7RJ2iWxSOkSZyZZgUY_bNtgc239jycuZ2lR5nDuRX73w5ZoxG-Ts1szFpk-CLqJ1qKdXQZkOwMai5kxtQVgZN9vHRKmmI6LwOX6a3jUgeHpZnC,5914727,18
191168123,Hinder,One Nightstand,194,1361226033,https://cs7-3v4.vk-cdn.net/p12/e071ad66eb15c1.mp3?extra=PBzUCJc-DT_BSyGQ6TMp-JO8WO29mWt_nzdFyLQfEVv6Cm2gYr-6IJQsriqzMy35hIDDHbKrGHqUu6F3JECvRWVsZiKUIwhPOVpbCfGrPQNcGU-XYyaW4z-eYgegVWnWbo00C6-Z_Tzc,2609737,1
191145521,Kattoo,Lost In Life,288,1361214997,https://psv4.vk.me/c521607/u48331226/audios/438081def390.mp3?extra=POozExuRRjJDxYhBRbzhhTon_tv9Idc-o7ACOj5GGwPlMHd2rKum195VNQX2ZtXpaU_yLN3r-TeKkEMowPMO2v52x2fJCbRlY5ly7FH01TbZc9hPDEg5jkGBAB2o2rgThN0D_jMNY8TE,61504962,18
191002891,Reamon,Sometimes,245,1361140952,https://cs7-3v4.vk-cdn.net/p23/87db690623566d.mp3?extra=PzqbQJhAdXNL28Z8HtScAfJ3RTLqNO75E1JX78NDUUTVd7YDQ01VzOYkwSMaLSSVZ-lpJWzbIoTknKnylUReD2IdUrkLLdC2phS53VLQPRFe5er4nm9VPOt2jy9lVpIZpivH0MEwykAt,401253,18
190991464,Chevelle,Envy,259,1361133375,https://cs7-2v4.vk-cdn.net/p6/4c8a2ccdd91b4d.mp3?extra=MTsAo9isy_CW6E7Xi8kLmmks16yjQxuXmelqQis6RbiyT-dUo0o6WBtywP20oWAGtaVebibE6AfvABxghMmtKRqi-FyKCG4qDBOdtwoubrLkhueMkkTNj3DGbaN4bAD-oKeCHs3TcZMX,21257679,1
189300035,Godsmack,I Stand Alone,246,1360297671,https://cs7-2v4.vk-cdn.net/p6/0582eb3e89e41f.mp3?extra=HdgqVcxPhEoelPnICGdblA0zMNE8zuIjKCC8iDGAXBn7h0Y79Ixpg4yhDUwvinW2wAEeUGb7pzheE3PnwXzMMGI926lNQRGQt_z5_0-PiSw_dKK1fv7HQSFL6Pc7xOynstOg578A3aYe,123673,18
181015535,Tom Tykwer/Johnny Klimek/Reinhold Heil,02. Cloud Atlas Opening Title (OST-HD: Облачный атлас / Cloud Atlas) (vk.com/OstHD)  музыка из фильма музыка из трейлера саундтрек саундтрэк,227,1355870359,https://cs7-4v4.vk-cdn.net/p2/c21f43ccc21925.mp3?extra=sDVufORDmX9ERZoUzANSoQrelgJnvG1TrKe6zOgOwJPBN33ULV-2vTuH_W72iPbRb80c40Yz0vSqjnE_XGfFUKw5TYItXvmwBCEsuSLKR0KSArLJleHWDOYLPDM70LVnx79AVXxFJ2aV,44344772,2
180258156,Tom Tykwer/Johnny Klimek/Reinhold Heil,23. Cloud Atlas End Title (OST-HD: Облачный атлас / Cloud Atlas) (vk.com/OstHD)  музыка из фильма музыка из трейлера саундтрек саундтрэк,476,1355491729,https://cs7-5v4.vk-cdn.net/p19/a4aa1cccb8dafd.mp3?extra=2Ch2g2iunnLM7fG9iRNZRCeRd9CbQIN78tlY9Htq1yjlfo2d_P3jkqoLWKsxrOt5qs00m6OmI3F7KTpue0gosGYRwtiGmh_PcBa4f3ceSF5DrnFE_RZme1aO-mhnhGmMVArWP1n7C97N,44344979,2
177039309,Swedish House Mafia feat. John Martin,Don't You Worry Child (Radio Edit),212,1353727755,https://cs7-1v4.vk-cdn.net/p19/01fb4971392005.mp3?extra=7iI6c3oOuLFNjfbitg0sBmYFZkL9IRRumIy4ZVJc3qu1Mb1Zubrb92njilyy3Ql6tIzgw_-7BamdvgQjNUz2BbhTn6CR5FIkVGvunujmvuKin-wqQ0OFdrCxXy0VFOl9bBNsa5OTxc3J,29513019,18
98641062,Aly Michalka a Ben Cotton,The Letter (OST Hellcats),111,1299781035,https://psv4.vk.me/c4901/u62184145/audios/884574750028.mp3?extra=lp27ATrb0rnIXw7xprzTybPct6_n0CwNVmaz1mkV40sPNJjItXI68_qxMEwK3ZXF3ARgfl-5CJSz2PQ-IX38utZSB_ENfLVC3RaqiH3qVh2Q__oi4QsFggVunqU-2QdJ1-Cqae7DUyw,8971555,18
176995266,Tinie Tempah feat. Ester Dean,Love Suicide,247,1353694588,https://cs7-2v4.vk-cdn.net/p6/b1ca699b2d768a.mp3?extra=Q9gvPbu0XxOsyon2RMa86vAHkYwEuXMeHWDpK69rOYTcEhlt91O661FrgQ5VtZk9xGZBbvnPJj0yacXXVy46zgntF81vvugE7YLEXnvuUfwulYlveNdCr2j0bOIlDVObkoexOAFETls-,10760806,18
176976758,Calvin Harris feat. Example,We'll Be Coming Back,231,1353689031,https://cs7-3v4.vk-cdn.net/p17/18de931097de74.mp3?extra=4iycE31cIDDgOJaPmtp0B2i9gBsqH5VtIi8cexivbaTUO7Tp7wagbi77bXEY0u7TZBf37I36HsIxM3Bq4qd59V45gLg8DaAl9SvxVLNU1Bi7mPTOBAqWRdmaR2CibR35EbDZKBMuxOIz,26278292,5
176727821,Deepside Deejays,Never Be Alone (Dj Viduta Remix),238,1353538069,https://cs7-4v4.vk-cdn.net/p21/1c407d23bd1d37.mp3?extra=-or_9sm5yjjuPhnOoNqtwJwfX5mB0Bg4ceb-d13kTuB2b_I1MgeUoNMMrZN8HpfoPy4RGNfH73B1ag1hTnUtcWZXxgKngZTn9puPcHN8de1Gk7K24tbyep5ds34_v1BOOb2zPjb8Y5fc,0,18
172645069,Johnny Depp   ,Her Name Is Alice,230,1351268503,"",4713184,18
163261294,The Wanted,Chasing The Sun ,199,1345563618,https://cs7-5v4.vk-cdn.net/p9/583aa3e5ffc549.mp3?extra=psS7Vv_--QWxAyKG5pU8ZO28WrbVlpCc6gAapPP1lOl9DvQD6nHGpmf7bKoaK4rjCt-nwSLSRU_Xk0Ptuv9uK0Jxv0qmI73s9dGJ052zxHm7AEhZ9PXasAqJfWyZVSmLhoKgKT0dtjXt,24020245,18
158570079,Joel and  Luke ,Love's To Blame ,250,1342382354,https://cs7-3v4.vk-cdn.net/p21/025faf1033dbff.mp3?extra=2pSgVO8zC6ICvCDV2ZRjp8afduXv46gnyCGvTXLBh7hFPI5iZ2QVu8fDNePQEwYhRfGKkXw9kylZwj6KJqIrOtDMFI0gZ95Lv1NJYFteqdymv11DWUZ-Pj8o7Ts2XXum_HBVSZO2hvg2,7709302,2
158569102,Kevin Rudolf - In The City,|(OST) The Vampire Diaries | Every day im a star in the city/  Walk the streets like a wanted man/ Mother Fuckers all know Who I Am/ Every Day Feel The Heat In the City/  Like the barrel of a smoking GUN/  Read the signs see the lights thier so pretty/...,185,1342381887,https://cs7-2v4.vk-cdn.net/p11/6196bf5a1721de.mp3?extra=3XwIkZG_cmve8uiQK8Q5kL7iTB8zPCVdHIBtAFi0AFAT-zqj_hJgz_QoyVtCtOqQ7qHBf1Vf-LvQGQ7nL4iz60QRToAdZoc6QG99c7nXivL9_GvZ6Hn2urjQx6dDXkagAlk5dZ4FEyNg,7097710,1
155034832,David Arnold and Michael Price,SHERlocked,224,1339983529,https://cs7-1v4.vk-cdn.net/p10/5a299b8c12bab7.mp3?extra=IO402jkAoAb3FgQBZ-q8heDPJXObNTNTrj9u5dB4QEQsZ2qygjn0Ms4TD3t0iMygXy0VFRmeclsHzzR-u9KVMbVjM6Hz1kk1J-3hpuDuOduwfuGE9axQ3q-ejvYHd40eyFJ-vTIY4VaF,0,2
155031505,Savage Garden,To the Moon and Back,340,1339974759,https://cs7-1v4.vk-cdn.net/p23/26dd26a5cf3a36.mp3?extra=vUnVsZ_0K7o1wD75FtamD26vGPtsQjkGR4X1eCFVljxouJnOCJhgzJrQY5MmSDGBq_6_wTC7yOctn3UpINzNgtQTNWeOPVtWCAO5yuNMt-RZTtKuOVY22hJG9WqFgUVGni4_57fNdkJV,748056,18
155030271,Steve Aoki,Ladi Dadi (Feat. Wynter Gordon),247,1339972510,https://cs7-4v4.vk-cdn.net/p21/4300a0c01bb076.mp3?extra=Nv5VCa0QytbBcJj71bVprV1NhuUSUUWuW5RI5xFHDwChS8n1ujA0QbT6B73b-NYtRJCfjQhzN9-T75BaPOEl9cyrS_eAkt1fBX5KHKAlu1Lbj8o_GN7s8MPHHCoxcike1U-hcCJgBBR9,21462317,22
148725570, Shiro Sagisu  (鷺巣 詩郎),soundscape to ardor,168,1336112437,https://psv4.vk.me/c4193/u2397852/audios/afa54502a3e6.mp3?extra=w4eEBtOpeLHW01iDM8XPDwRI1kF6uRVmq2HOipmDsAaTbIZgIeHKeDMP9m4E3Oq9sP2qIlCiRPXd6L320UhoFNVV2setFRLE5Lvs4rsB2cZZ9y4wUcalQ4dyRQLSsTA4IpVZHirYozRx,1471094,18
143719901,The Rasmus,Living in a World without You (Piano Acoustic),224,1333027879,https://cs7-5v4.vk-cdn.net/p21/a35f857271dcda.mp3?extra=Q9m4hqifM2A2kge7PZZjqjCIPkKIIDrTPcop-ja9fdWwxUjAsVieBc5w_pJWxZmveRUIZXLIyjT8tSvtflU9Bro_FTvP0bREYFmob3fk_0GtwppXKHqfeBSsksYYXxSEZrt38IsEX9HJ,3886022,1
143097456,Clint Mansell,Leaving Earth,121,1332682910,https://cs7-5v4.vk-cdn.net/p15/10de33c7bad4c7.mp3?extra=qr3DCnxrXG-aH5gKR_I_xZgmFetqew79hLP98AmPf9dtvNNc6EvzSGIR-xsei7s8VLgzSSImP88e0WiXpa6zVod_NZlqk5kMrAG3sI1Q0HfSlAHpt7QEbdOAcqsThdZmCgBZp2c7ReRD,0,18
142712689,Markus Schulz,The New World,227,1332470306,https://psv4.vk.me/c509/u10614358/audios/5d284527ef16.mp3?extra=xSFChe1bl2dscowXBRAiWee3DtzLDvbmvaB-DKPNvM1WJ_WQmDKbfM5ukN-Rrx_QdScaf-5rVwBxxzWk_k3S8ucKK8bYWLoygxiEKwm70HBI75s_0RfiI0ziReLzyJGcNfuSFfTha1MT,0,18
142712557,Riana,Only Girl,235,1332469806,https://cs7-1v4.vk-cdn.net/p12/554b6e332c7b6a.mp3?extra=OxXcv8VErjiQ_UB7IfSrSe2A0i2HqYHkZyYcyrVYIUbSON4_QX3RNme-dX2A-GF7bqsEht7Kx5pPQCWG6uTix-0ignYRNPIPgLkGyMyZkw6izzhMQZPV977STL5l-P0E9FFH8ZFl3BEP,0,0
129901697,Craig David,Insomnia,205,1324682102,https://cs7-3v4.vk-cdn.net/p22/59f7423e5c34a5.mp3?extra=JjqThFptS_Cp3yqmylEcklLjWN_NdO8E5_nWLfsDD75qioJzBeN0g5nhDVAqZXu1yRlMpk38w_pXIfZMCMxntrtQhNdD4CoureTF6p6JQGI9yThkqJJipv5oZuz6kCc_-SwNNrKg9vOT,4312477,3
142712273,Robert Miles,Fable (Lily Bizarre Remix) [Dubstep],229,1332468673,https://cs7-2v4.vk-cdn.net/p8/b359d27bb3a732.mp3?extra=OicjbuQDQoffv5B_lWbLs1trf9omsbQNQN03DfQ30Hhq2oo-MjoWYGITNZwKizoN-V4RmAlx2lo8ga5PCl5Pgy0S5H99oMpmDD1dWKwbrim9p9hj7SXWTmaXpOLppqX3XOnErmJdqr_R,11261336,18
142712248,Booty Luv,Say It  (Nero Remix) ♪,330,1332468525,https://cs7-5v4.vk-cdn.net/p24/6d92e7c520ccf0.mp3?extra=-uy6ihcC6qeYUAKUDifWpzRtPoNLVSoD_c6Z7jvIC1i331q6JLqBggloaAs-cR8bQT3EBFIeoDbv7BwwABp2e9lAImr_PErlalXBbAXJrEJOqs59T5gxxmdoQkgHUu8GqYHQMHfuA-pZ,4976374,18
142712019,1-05. ATB - My Everything,Без названия,306,1332467414,https://psv4.vk.me/c4962/u58075345/audios/fc3ba0897bec.mp3?extra=0ziZw9OfMI06JJj-BBRFrlkjEMdclvkWjB8243MuaZQwVhCl1ScmNaL-qV_hiVe_ANFIJ2hu9cmEPoBnpsIkhVDHK87Wy8utpexQRvfa6OOWYSDVnf-bb4v5i-RRGK9QK4gTCy1KJFDl,0,0
142711952,Nicki Minaj ft.Rihanna ,Fly,213,1332467068,https://cs7-1v4.vk-cdn.net/p18/2bf1d8f15b8c4f.mp3?extra=LXoR_NdGs5t-AJ-x1dldzP5MROcOfZQcpxk3OT6nzHdUENXZ_agFQoZTPEZe9HXbWfg73XS08z3qgpUcvLNuw3yIckSsXZA4LNFNd7Zu1S3JseOxKlfgZhCmT089z0lfDvLbzt_qpeQ-,8094352,18
141174589,Linkin Park,Papercut,187,1331559572,https://cs7-3v4.vk-cdn.net/p21/91e48675c891a1.mp3?extra=xSRLIr5gw6vTFWh6Xj7H05UbUs00RRo4N9ENhAPxH8xazEmgN4tWSQ2PYQeh_kv6VNMXhhPiOxAWb-K60qzuxXs1u-J_um2ZcwRb5eNdFRyiiGG1-lExuadWI4dsmoiH59Eg801cQ6y5,3420605,1
141174308,Linkin Park,Bleed It Out,164,1331559473,"",5864962,18
127502334,Craig Armstrong,In Time Main Theme (OST  Время 2011),95,1323020627,https://cs7-2v4.vk-cdn.net/p4/05efc86ce20aee.mp3?extra=r9ybZhdKvBVxFMub9yL2x4y4gUgCQcGKrk5zLSjEU8D2hls8PqzyPu9NPpiyQ_OSR2YcEP-G0MAnZJjJabob_hZJ1visY7ruBANpKK7XjoI7AwsboOxsabKYH0TkKjO_xdVAAQ01q5Pf,0,2
124574162,Example,Changed The Way You Kiss Me,193,1320943883,https://cs7-4v4.vk-cdn.net/p7/20b7c62542aa5e.mp3?extra=7mdTUn26Co_Mj-ESSwCusASLv1NVYP85nw1DeuZbw96m0w_mIGvPJSqVuJmMre1aCKgZ43qCNECOlygiZ50mrg3G8XPCFlGElKKdGKGNhvcKgq5IjJPmpm5mwLcsIESb4f51kRXOXyFb,0,18
121731660,Keri Hilson ft. Nelly,Lose Control (Produced By Stargate),213,1318869754,https://psv4.vk.me/c4772/u10734190/audios/0f9f85d9d0ad.mp3?extra=5NRHzhphb6C34bM5H7p3r3rGcGifg-ry3CNefAKz2-NWmY1qaq3Od-b2nfltHmc25cN3m6DmrdK1nZuUiKLJ6bO0wQ_ImXtQWqCAn1hsNwCF7h2u0ZTMK8t7hhmI5jInCHX53AHNXxHM,0,18
120538888,Steve Jablonsky,Battle (Transformers 3: Dark Of The Moon OST),220,1317987466,https://cs7-2v4.vk-cdn.net/p20/fa39c5ba9617ab.mp3?extra=wPUhhRsvyyBgQ7LWm0kdfZ9LplHPX6HSIMuE9nNTpmhr__ChoOSIJePxe1vvzAuDd-PZG8DzTCtW21ZEAqvXG7qwgbFlv2_A_Kgs2FJY4n3X_HyaVgIxlDpqXFJq1UzhumD_wxKXwGnt,0,2
119611622,T-killah и ЛОЯ,ВЕРНИСЬ,208,1317297057,https://cs7-5v4.vk-cdn.net/p17/d0c156bdc55895.mp3?extra=A8TgS-_Gb8utxUtePBa_5iVcFS1cHo88cm64bbSeonDTenTNsyPhetiW_bxWSy7Qi-p7Z-mdxuz7f7L0jY9EP0DxibAx6W08jews-4DA_pFgjnXKHzjnuo3Nkd9J9go0n5lk_Kua1Zvr,7460487,18
116632233,Tom Novi a Lima,Take it,215,1314988148,https://cs7-4v4.vk-cdn.net/p13/0fae8d98bad19c.mp3?extra=KI9YERbp8FxvGJvnWCs-VW25eTSnIxJgBHdVxP47muToj6gG4lRg6RE2qfuBfec8oG1Jcnaf_8lhgi4Gx2pYmBGD1QknYGFut8XGt8jqo5TcYGstD0YWeDQZVuaxtU-0ka9JDd3ise3N,2795538,18
115804412,Semisonic,Closing Time (Friends With Benefits OST),273,1314317291,https://cs7-3v4.vk-cdn.net/p22/212c8c42c539f7.mp3?extra=xjl2oI3_TvCqfv6zQ4uFqP-eibvtn0CBAoE03AgQs61YNiTGVHbbahsqvpYsgwMJ-KFWLufFdu_jDE5_toRiJ9jHQKTZUwHdYDeMZutFmGyUG1XwJdVbt7x74pu0zM6nDNHQJRoEV8I5,7996118,18
116103667,Damien Rice,9 Crimes (True Blood OST),187,1314557193,https://cs7-1v4.vk-cdn.net/p5/fd0ab1ac0a3064.mp3?extra=KIIeHAQYaCZ0F9ITKT52OdVqKsckqzD4nJgWyZtmsZL7WBDZMhadanWxL0mkLIjBhus3n1hlXRea53i1FjLMJr6qabFXOigyMYtbNCi3snb7iDUkivUhchLEuXZoolxWvqmf54SbGvMh,5520365,18
110251218,Alexis Jordan,Hush hush,222,1309474026,https://psv4.vk.me/c4864/u52796096/audios/a46ad48e6a8c.mp3?extra=L_-3JlAsEICdVMCyswcuKAhwM_q3wR7ZGhl5LacZV8S3RtK76RfCe_m7qMPBysWQYGgUWbZxdOBR5p4BYz_F53kb-jMrt0IiuUNYsbVno7kmlPn2VezWuhN3unm81GR0vgLH8yHj19UJ,0,18
109953558,Death Note OST,L's Theme,183,1309218112,https://psv4.vk.me/c4628/u29453345/audios/780faa213c03.mp3?extra=7aCVpVfOXFON283dyUkq4lx5GVNsrdU5Ki6ioiU7LxFakHTLRUvotnHKpPzQMQdgR2GwJ2RlJFpUXj2kjPOznsVQ-heeBYYlDuHlmPcxOKJyalGApmz3cYRcirU7T8gx8tp1UmMzky9D,0,2
108620009,Keri Hilson, I Like (OST Красавчик),216,1308078852,https://cs7-5v4.vk-cdn.net/p21/18318c1d8e69ab.mp3?extra=dgE-nPKxRv8jrITNL_SajqED4n-56Qs1UwrV1l4HK3KYRurp0MlbjL28dWeZKp4byntlskURYnU9FU_sMnAAO0uBHpsNUcYZ7_C2AthEnVHa2kiwjIbsg6TrpojTf_kxwJiXV57-TEk-,0,2
166221447,Evanescence,My Immortal ,275,1347465918,https://cs7-2v4.vk-cdn.net/p20/21ee8dd374f84e.mp3?extra=4aNuwhZyZvE8nTb0_GcHj0dzsC9-kYWmWJmk02J3-C3NChE84ZoK8MRZ8g5R8d8b1BFMNuqhJ1AGxOcjhb1I9kgrULgmb25IlW0IGRuL5n2tkqqG5RHIJVXbgvs7Fr07vGsy69250cBe,5197415,1
105800320,Katy Perry ft. Kanye West ,E.T.,230,1305747697,https://psv4.vk.me/c5022/u20101381/audios/d1123db55ba1.mp3?extra=41XkXmpgPCzXkN_BGDYjbET81nK5gFea12-kuN4qhr9H4RHMTn16Ll_e9Nq0H5LvuXPyXbQgDOU-xwFb0LIUijGkug1SOUVkKOgmSR1T93B4xVlYvfhzNY-q9HXPr2ArZRDdBO8a4ItP,0,3
104870163,Backstreet Boys,Incomplete,240,1305046659,https://psv4.vk.me/c4691/u70119703/audios/5e5fef4db137.mp3?extra=rAxu-y-qqUFt9y_Xfoq6VZ87Lcry6VoOlpaFwmjt9eGiEPTBs6iBPV53cqBabbLYFu-uOSeCZSWe3DLXxMVe1073BZqnsgakwKEu1KJQ0zQy08btuEiSLsAbanXDy3aRIJn6wn2c8ETy,0,2
98860628,Morandi,Save Me,274,1299962125,https://cs7-1v4.vk-cdn.net/p14/450010e727712d.mp3?extra=g-ntFz64byssWiqtz4GUnTp8njBxfAIbdW42jO4C7NanFTt2_LtCTNt5BaPa4ZTr0XKgQNwangZ-gyelqC5p0LnFk3VLoh8H8RUosZhcUl7pKmtF7qMjYaCElBPo07sOerOltR2A9kU,0,2
104656064,Bahh Tee,10 лет спустя (SunJinn prod.),285,1304856123,https://cs7-4v4.vk-cdn.net/p8/48d6f34731d829.mp3?extra=ae931aes4de6oQIKgkBfGbEARykPkrW6t3BAmL2PRplaI7Oc0MgQ41FFEs-jXdEcuAEX77rH0Ahls0_tucqz0R_aLjeGCxtJ59sAK09C3FlFuP1o5YwkrOqYD5-8pXM7CPRPAy_eAkKh,9304803,18
106630039,Marcelo Zabros,Craig Worries (OST Remember me),251,1306442312,https://psv4.vk.me/c4887/u5048357/audios/0cde799c346b.mp3?extra=t4nd69v5bgiVLKw471-x6s_Zq7ZTV6djQYSAnDUK6b2Z0uzgDJUgvxEJf7gtokA5fc1suyZnDBq2GEWQR3XF09QhzzD4vKvJHJRQkgkJlPN95gN75gnL02d7Uoj6528IFX8YuW5fu4Od,0,18
96459682,Chris Corner feat. Sue Denim,You're the Conversation (I'm the Game) [OST Les Chevaliers du Ciel-2005],235,1297888773,https://psv4.vk.me/c4617/u19675954/audios/1ca0a69939bd.mp3?extra=FMaEBIQprTtT-W2qUPWQG9GLwkK6Sms3scoBxGJk0PEIG9mHdRS0hPLL7dO3vZM4CZENOBaoElciRyxMYzdgq6q0iIi7hgdVM_xX-oMjo0h114JqLzGXrjYZXaxdNbL8Ve8-t2wPnps,0,2
91833724,Daft Punk,Fall (OST TRON: Legacy),82,1293658414,https://psv4.vk.me/c4623/u59507370/audios/9a86e2420010.mp3?extra=cTV8yjYEcikIa0HSTsfJ76DRFcPWlW2VW1N11ld5w0ROm5Bd6QSb2zDvGtCl54ErYVKe5i3bBkjEZBDyfNHk67Rf6m-2mQ7GihyDml6PaBvaeNRdcV-32z5l_hJEf5g1fLDBAHeS7Wo,0,2
91481981,Dj Benzina, Hit (Старая тема 2007г)настольгия бляяяять(,220,1293320171,https://psv4.vk.me/c4838/u15288551/audios/88f0248bd93a.mp3?extra=IwPLF64lXxKntSJFFmVsnuTbFcFbWBm-npcBoYRyLw2LiGgnPHw0_Sd7T43YXT1lMoIYw-C16Ni_c5m6ekRVsCZTfr5HFFPgAiKuFabDf7wkyGtcigis6QhPwsEynMPrIo5vVRUNVU8,0,18
91430811,Ryan Star,Brand New Day ,193,1293285837,https://cs7-4v4.vk-cdn.net/p22/96bd1c3c65eb61.mp3?extra=o3omHqHKKQvaBwUmvBZrHOqG3dM3-yO63Tz9SR1yEVTikBw4tjc5SFNaOpzSvehLeUPjjDrPEcA4VF-7B077CkIqyFmZTYympGYAvrF_qqiEqzGu-4ybt6gKHx36_43VFk-UxbaFhPE,6144578,18
90836611,Свободное Небо,Спасибо за крылья,363,1292689172,https://psv4.vk.me/c4260/u12849363/audios/a36427910a4b.mp3?extra=VzSHUIvVQ9cfXOguOWWqFVzIfxfrEnG8MkLG7PdlMZhgmNoMxcGnut5hUZ5lLcz_Hu9ozR54qV4RaAe2bjfBTzYHnzCKnJVoqFzbbOTkXjEL_CVUY0ApAqQpPmb7q9VpDw29CDuy0KM,0,18
90768506,The Downtown Fiction,I Just Wanna Run ,200,1292616586,https://psv4.vk.me/c4771/u6665362/audios/0a411a3a9082.mp3?extra=EJOmIATgpxLBSRj659UwqSpZXOhGodFmeGIb3JjgHtWaqE-dO9y1hX7UM--SapwH8GAX1_XlB_0549b2EPyG06f7S1W8LMuQzKEXZ0ZeJKDEll_fhMhzOm9ra4yi3RYCv_zmeDndN-c,0,18
90660535,Kelly Holiday,Dogma,312,1292517663,https://psv4.vk.me/c5014/u7011382/audios/1267f7124e6a.mp3?extra=GkwIWLas1vgdII9R83s85j_Nh_Fi2axIlT9UJaYvTXyM19EQtsNsaD7i8YDUZuJZghsecktn4TppUo8KkCt5D6N4oLf4cnCk76MfPf0X64e88jxTnwgTcrazXGtMDwgfMW4uML17LO4,0,18
84504561,Carter Burwell,Phascination Phase,126,1285790165,https://psv4.vk.me/c4586/u96736345/audios/684f7f504929.mp3?extra=Lpp8ILNxMYrJEW_XOr06MH6Mt1s8epyS6iq716-03EY1HZirSHIDNHJ0yjfHRJ_sJKQ34VrSyR43jx89JGzEkx2rFzdzQWK5OIAjW-PtOS0Zit0sq4WIPHSk3Q7T8mYmMqSUrmALcsM,0,2
84504502,Carter Burwell,I Know What You Are,157,1285790098,https://psv4.vk.me/c4958/u51663345/audios/25c2529378d0.mp3?extra=PJcdhpyBhzCpA9VoYedFhm2whPR717VOdVrraTKXARjoHNoiOAvbpleTrCIZ5c-Fas2_b77dZT9O2KkvrubIejR2xQkbJvZv1wuG4unjDVcjGEm1ImGDH30_pz1gBOGA22aNwn7o5ps,0,2
84431606,Kazantip 2010,club,134,1285695513,https://cs7-4v4.vk-cdn.net/p13/f2f22969ee291b.mp3?extra=msH97ZtY1kgwv4sDTF4P5q_kxny7YYoEc2IeO9POYWHYgGVwwjFJzNeCEc_z_1Tb8KM5OVeaRB2agHP26qygN1GvYr99Ake5opcA_yV7JHJgsQeciI3wWF3KziIbwrqFIb1YtPiBkHg,0,18
84431484,"3 мин. в мечтах о сказке..) "" Сумерки""",The Lion Fell In Love With The Lamb,195,1285695427,https://psv4.vk.me/c4642/u13275149/audios/a854dc6a7eef.mp3?extra=J4jU1bOITiEH6SmknUSvwsrdO_psNj3zJ3b22A5m0-Gt9sJIe7_N5H1jg-_DUaf-88ksyYWj-gLu3ISHuuRGDMQxqD3lEFh_f21c9tg511qY6MglbVxEE5QvC0zB4YzD9NjRHy8WBcI,0,18
84355055,Пиано и альт,Мечта,187,1285600476,https://cs7-2v4.vk-cdn.net/p14/b5bd93e1a8b888.mp3?extra=n22OV-QG3keWVT8gCw-EAwMh-C2afNL5vDE3Bv3WRSRYOR6dKVQawjbeDGghAfD2so7WDzO2JD3KnHPedGsjAitM09mjJFq-0xmdYTqmpHzkCt6lU0pf-8OQM_lBXihpymSnNHzDjFg,0,0
82359774,DJ Next,Отрываюсь от Земли (Хит лета 2010),278,1282856033,https://psv4.vk.me/c5084/u20135045/audios/e95f135e6fc8.mp3?extra=wYxIjWTI_yIrWno-fyS-jjOHmgn9beUQpN4313nCZjmdiRwWlwEJMdSuKcVxhi60CZVC8vZAVpZ2oOYEjmHk5QfG_F_l7i-JvCNjaZd6WRkF2ogKwizFRY4SNSjt9JYajCOriiaz5Z8,0,2
82359339,Hana Pestle,Need,234,1282855482,https://psv4.vk.me/c4755/u68351545/audios/d8c858e94aa0.mp3?extra=n5nM8UzYtjnF90U9mG7_ZX-fMYmW9VN_iORbkRpY9j0mswVGDMDmO5_4paLcB39L_wrksIwRR6HtKZVK05uIO-RIz9tpxaFfFWpOhiliuNmfXVHEm6Tg_Qd7yUVEmDSz2-Vap0flSCI,0,18
80831208,Michael Suby,Welcome To The Family (OST Kyle XY),110,1280529790,https://psv4.vk.me/c4194/u4204500/audios/a34f6e5183de.mp3?extra=lipTaKro94uB_frOYfRomJ77i195kgKhVB5WFcnFABLR-iGb772t5pj_4OJLounm7D8SUywTTNV4OBpi4hpmR1ASpdNCbXdNVww7uy2DevmCm1EFV3qNQUDcOerBU7PnBEw6PChJB_c,0,18
78125021,Savas Pascalidis,Saigon nightmare (2008 rmx),276,1276275548,https://psv4.vk.me/c4709/u21745645/audios/22584f51b34a.mp3?extra=6u_8afsb0CFUlSAPZAgU6s9fzwtuHrRROfxBxdWa7erJTwRTRuI5jf9Jcf62PYlTtltCMZdqYaKL7N1h8CAHpEyjqubmzC26Id4lk1oSMpMfrcWJrYvBMe46jtkyUNwyHQvlWJeqfJg,0,0
73541104,Max Richter ,"On The Nature of Daylight (OST ""Shutter Island"")",371,1269557458,https://cs7-3v4.vk-cdn.net/p8/c7e4a9de3b977c.mp3?extra=qcATIp5uX_CPQ7MUKZhyl96l5hZU1UmjCwpO6CoptGrXodZgdZjn7oBVhtvNU8W96Fbsg7-zD0cY4WR5Cs6TFajrBV9jbV50FSnleCna0-8Q88YM6cIsAL-SjYOMRRfHiUYQHpRYVRw,0,18
62474442,Silver,Forgiven,204,1244450673,https://cs7-3v4.vk-cdn.net/p9/0926b472279327.mp3?extra=qaPOHibNH3KryM_JWCSSeNHaWnf93OlWFF85PEQyZfIJGog6coOgZZXeOB05xWZYTY0uwhvB5SZ83VkUeacfTJgtQLLB-vjSouavAozlAMfYo_kyzLn5BtAYuiLMNnob2yhLaqiGmNg,1757070,11
233264026,Rihanna , Unfaithful (video version),295,1381340452,https://psv4.vk.me/c4854/u287996/audios/f867bf3f8416.mp3?extra=Fe22TiKz-uI_qBuV_kgxpXTlbMtez0EdT9VJkOoTu1EgnF5xLVfQhP78waxaEXsXi6OR3cJbyXSoffqxNKjv8kIBMa6uR77chmp4BwUn7lyn59_a-En7Ff7G9b7fnreZgk9gKLDpOcRG,11627431,18
133458935,Ньютон Мика,"Вышечем любовь (OST сериал ""Я лечу"")",256,1327085528,https://cs7-4v4.vk-cdn.net/p7/ebc9b18f4c7b52.mp3?extra=Co9pJbOTnJtJAPG6poL3a6G4PWfAOfcNitnHePQzjgnwneNy2dZcZupQUBShdBWlZe3Du9o592wDSbm5yBXmNChaTlvxElQlQZr5AjBczal0sG5ZZic4_ehqg0ncn_B2WHLVlzii9T5E,1009843,2
133457921,Мика Ньютон,Лунапарк,220,1327085137,https://cs7-4v4.vk-cdn.net/p9/f6b5774e3327cd.mp3?extra=7_bGlcdQQLEukLIa2XGJPZgDGI1VRL9Y3xwmAYVHtWkMFpvIX1Zx_a8rR1IVQIyX_T84CDcrKZyeeD_qHONVCD3e_P__xqNE-qcYunc2Vpvzhzoihimyk301bYQPw4kLwfjl_Qk_Q1YI,3197293,2
166899389,Dash Berlin With Cerf Feat. Mitiska a Jaren  ,Man On The Run (Original Vocal Mix)..,285,1347885832,https://cs7-5v4.vk-cdn.net/p16/6ca6c7263edf47.mp3?extra=D_AGl1wcmhlRdjs7UEF_yrWxMK_v_0zAYhKMuZUkZvFiXBihgO4xhRPY3PqDdFlk6gp3YRlnG9LDKxvYhOdVPnG-CarmzXCmF6q_RIjBq1ISZxB8-6ZuGTtOfz-vlFysM4hLpBqunX1Z,1785078,18
176695584,ATB feat. Sean Ryan , All I need is you(2011),275,1353522364,https://cs7-1v4.vk-cdn.net/p16/01120e194afae2.mp3?extra=FvQM8dIRet5O24gpr757d-PW8HZEGtPps5m3XJOYsds08XYnbjGa6i9d-J-pvQt45vRKoCwcVG65e5lQKuG_iw4rD_xHy7mpW7XYXz_GkH4HQypM0wuC7mn7T4ZA9KSiHPaAnpU9Q68t,0,18
182822408,OneRepublic,All Fall Down,245,1356824347,https://cs7-2v4.vk-cdn.net/p12/8d82014c5b3661.mp3?extra=T8lU6cYahrwHbLU7fK_aOYdCVSofvH-z7TdxJlReZvwp0GRGb1SLrumgKcovWB9u-uBIHPSKbSq-OuIz3inELfiHQhww_BZ2V7b98ABXx7rRa30kby5gAJuumqw7ZUzU4hYcBS0oxm5c,4771493,1
280124014,Talay Riley,Shut Up a Kiss Me ,230,1399818112,https://psv4.vk.me/c5937/u8037277/audios/bb531396b57c.mp3?extra=H02o2dwkZOJ42G-q68eRw5yfl_5jrKTTlhddZ8i4MSTj7e0La2dDCZ7zjka5_8E7i98aj4dmEyWvMCFipKNoBtLURWmSv3HKu2w61hyhDMy10WdTGtApW9UytxmRUbmauxmozIn2fe9K,0,18
190988028,Example,Perfect Replacement,208,1361132013,https://cs7-1v4.vk-cdn.net/p6/4ad3671c0507f0.mp3?extra=fQJU7Mi5MIceNuNYCQOoniukrSBJCBGtFA2bQoQlAA-EymbVlWpRHcjpjT8Gzmeys-VArUaqH-elAV8TwjGaVK1utuqtO_Oif6FzXjdSESbQmfvBq5Q7BSLVbMZwv8iV4flY3qRgxCF_,0,18
117515238,Armin van Buuren feat. Christian Burns,This Light Between Us,309,1315675798,https://cs7-1v4.vk-cdn.net/p5/81ade16b687c0e.mp3?extra=rIk_GqJLw3l6T-qe9Wz4w6-YeJ4l8WGP8IBiO2gePqw-x7lhhfCZaKblRQ3I0VvNJYnx4noN-LK5I5JJ6C-rhBFMUFwW-TiArZNXd2Zk3eiZU2tVDAmZfnVKrWVIV7JQy5iy0k1waNtR,0,11
148313870,YarosLOVE,To Be Free  (NEW 2011),261,1335823398,https://cs7-2v4.vk-cdn.net/p10/eb761affcbe9cb.mp3?extra=iZ5bmTsxWWmKixY3HI4fYgPea4rCQlY0sFAmZrGmMlRGG-ArWu9FNzPiPm5_qVlShNjhAN9XCiFIfmrJpjDWA90MbW584KupVzYCnHhdJ5GCQ_36R5fcS1x4La0NWH1pgkX3BqTEcDNo,20310961,18
